Type:,PIXEL DATA FILE
Exposure Time:,10 m.Sec
Gain:,1
Offset:,10
Line Count:,1


Pixel No,Average,L1
0,29.000000,    29
1,24.000000,    24
2,26.000000,    26
3,33.000000,    33
4,581.000000,   581
5,695.000000,   695
6,735.000000,   735
7,760.000000,   760
8,768.000000,   768
9,771.000000,   771
10,781.000000,   781
11,781.000000,   781
12,774.000000,   774
13,770.000000,   770
14,771.000000,   771
15,781.000000,   781
16,796.000000,   796
17,786.000000,   786
18,788.000000,   788
19,790.000000,   790
20,798.000000,   798
21,797.000000,   797
22,793.000000,   793
23,781.000000,   781
24,796.000000,   796
25,808.000000,   808
26,778.000000,   778
27,788.000000,   788
28,791.000000,   791
29,790.000000,   790
30,796.000000,   796
31,788.000000,   788
32,787.000000,   787
33,766.000000,   766
34,788.000000,   788
35,775.000000,   775
36,770.000000,   770
37,793.000000,   793
38,759.000000,   759
39,775.000000,   775
40,765.000000,   765
41,752.000000,   752
42,760.000000,   760
43,743.000000,   743
44,743.000000,   743
45,760.000000,   760
46,765.000000,   765
47,762.000000,   762
48,748.000000,   748
49,737.000000,   737
50,751.000000,   751
51,747.000000,   747
52,731.000000,   731
53,736.000000,   736
54,752.000000,   752
55,733.000000,   733
56,731.000000,   731
57,719.000000,   719
58,708.000000,   708
59,728.000000,   728
60,735.000000,   735
61,728.000000,   728
62,721.000000,   721
63,736.000000,   736
64,723.000000,   723
65,717.000000,   717
66,721.000000,   721
67,718.000000,   718
68,727.000000,   727
69,732.000000,   732
70,726.000000,   726
71,727.000000,   727
72,731.000000,   731
73,706.000000,   706
74,717.000000,   717
75,717.000000,   717
76,711.000000,   711
77,719.000000,   719
78,711.000000,   711
79,716.000000,   716
80,717.000000,   717
81,725.000000,   725
82,717.000000,   717
83,727.000000,   727
84,716.000000,   716
85,702.000000,   702
86,700.000000,   700
87,704.000000,   704
88,712.000000,   712
89,712.000000,   712
90,714.000000,   714
91,723.000000,   723
92,723.000000,   723
93,732.000000,   732
94,716.000000,   716
95,722.000000,   722
96,707.000000,   707
97,708.000000,   708
98,721.000000,   721
99,714.000000,   714
100,702.000000,   702
101,715.000000,   715
102,723.000000,   723
103,720.000000,   720
104,726.000000,   726
105,710.000000,   710
106,712.000000,   712
107,717.000000,   717
108,721.000000,   721
109,731.000000,   731
110,734.000000,   734
111,719.000000,   719
112,718.000000,   718
113,713.000000,   713
114,698.000000,   698
115,725.000000,   725
116,726.000000,   726
117,722.000000,   722
118,725.000000,   725
119,723.000000,   723
120,723.000000,   723
121,719.000000,   719
122,726.000000,   726
123,738.000000,   738
124,716.000000,   716
125,722.000000,   722
126,716.000000,   716
127,726.000000,   726
128,723.000000,   723
129,727.000000,   727
130,742.000000,   742
131,720.000000,   720
132,719.000000,   719
133,719.000000,   719
134,730.000000,   730
135,722.000000,   722
136,719.000000,   719
137,732.000000,   732
138,725.000000,   725
139,727.000000,   727
140,736.000000,   736
141,722.000000,   722
142,735.000000,   735
143,729.000000,   729
144,741.000000,   741
145,736.000000,   736
146,722.000000,   722
147,728.000000,   728
148,734.000000,   734
149,727.000000,   727
150,710.000000,   710
151,735.000000,   735
152,727.000000,   727
153,742.000000,   742
154,714.000000,   714
155,723.000000,   723
156,718.000000,   718
157,733.000000,   733
158,726.000000,   726
159,729.000000,   729
160,735.000000,   735
161,735.000000,   735
162,747.000000,   747
163,734.000000,   734
164,738.000000,   738
165,738.000000,   738
166,728.000000,   728
167,729.000000,   729
168,733.000000,   733
169,745.000000,   745
170,730.000000,   730
171,740.000000,   740
172,728.000000,   728
173,727.000000,   727
174,733.000000,   733
175,721.000000,   721
176,723.000000,   723
177,733.000000,   733
178,728.000000,   728
179,741.000000,   741
180,725.000000,   725
181,727.000000,   727
182,733.000000,   733
183,735.000000,   735
184,739.000000,   739
185,724.000000,   724
186,732.000000,   732
187,731.000000,   731
188,735.000000,   735
189,729.000000,   729
190,730.000000,   730
191,721.000000,   721
192,728.000000,   728
193,721.000000,   721
194,719.000000,   719
195,730.000000,   730
196,739.000000,   739
197,741.000000,   741
198,738.000000,   738
199,727.000000,   727
200,739.000000,   739
201,734.000000,   734
202,728.000000,   728
203,725.000000,   725
204,748.000000,   748
205,731.000000,   731
206,730.000000,   730
207,744.000000,   744
208,738.000000,   738
209,747.000000,   747
210,728.000000,   728
211,738.000000,   738
212,744.000000,   744
213,728.000000,   728
214,740.000000,   740
215,732.000000,   732
216,736.000000,   736
217,733.000000,   733
218,745.000000,   745
219,734.000000,   734
220,741.000000,   741
221,736.000000,   736
222,729.000000,   729
223,741.000000,   741
224,744.000000,   744
225,733.000000,   733
226,741.000000,   741
227,728.000000,   728
228,746.000000,   746
229,732.000000,   732
230,731.000000,   731
231,725.000000,   725
232,737.000000,   737
233,745.000000,   745
234,740.000000,   740
235,731.000000,   731
236,734.000000,   734
237,737.000000,   737
238,735.000000,   735
239,743.000000,   743
240,744.000000,   744
241,739.000000,   739
242,739.000000,   739
243,740.000000,   740
244,741.000000,   741
245,734.000000,   734
246,735.000000,   735
247,763.000000,   763
248,745.000000,   745
249,752.000000,   752
250,740.000000,   740
251,729.000000,   729
252,738.000000,   738
253,740.000000,   740
254,727.000000,   727
255,747.000000,   747
256,734.000000,   734
257,738.000000,   738
258,742.000000,   742
259,737.000000,   737
260,732.000000,   732
261,744.000000,   744
262,736.000000,   736
263,736.000000,   736
264,733.000000,   733
265,723.000000,   723
266,742.000000,   742
267,733.000000,   733
268,741.000000,   741
269,743.000000,   743
270,741.000000,   741
271,745.000000,   745
272,745.000000,   745
273,730.000000,   730
274,751.000000,   751
275,745.000000,   745
276,737.000000,   737
277,746.000000,   746
278,740.000000,   740
279,753.000000,   753
280,754.000000,   754
281,746.000000,   746
282,743.000000,   743
283,743.000000,   743
284,736.000000,   736
285,743.000000,   743
286,753.000000,   753
287,745.000000,   745
288,749.000000,   749
289,738.000000,   738
290,755.000000,   755
291,750.000000,   750
292,752.000000,   752
293,729.000000,   729
294,734.000000,   734
295,745.000000,   745
296,744.000000,   744
297,745.000000,   745
298,763.000000,   763
299,749.000000,   749
300,739.000000,   739
301,750.000000,   750
302,746.000000,   746
303,748.000000,   748
304,742.000000,   742
305,742.000000,   742
306,736.000000,   736
307,753.000000,   753
308,739.000000,   739
309,739.000000,   739
310,731.000000,   731
311,737.000000,   737
312,741.000000,   741
313,754.000000,   754
314,747.000000,   747
315,741.000000,   741
316,738.000000,   738
317,750.000000,   750
318,755.000000,   755
319,742.000000,   742
320,747.000000,   747
321,742.000000,   742
322,757.000000,   757
323,740.000000,   740
324,746.000000,   746
325,748.000000,   748
326,735.000000,   735
327,744.000000,   744
328,751.000000,   751
329,756.000000,   756
330,740.000000,   740
331,748.000000,   748
332,750.000000,   750
333,754.000000,   754
334,747.000000,   747
335,749.000000,   749
336,749.000000,   749
337,755.000000,   755
338,740.000000,   740
339,736.000000,   736
340,735.000000,   735
341,764.000000,   764
342,756.000000,   756
343,751.000000,   751
344,746.000000,   746
345,742.000000,   742
346,753.000000,   753
347,746.000000,   746
348,746.000000,   746
349,745.000000,   745
350,748.000000,   748
351,745.000000,   745
352,740.000000,   740
353,757.000000,   757
354,759.000000,   759
355,760.000000,   760
356,750.000000,   750
357,754.000000,   754
358,749.000000,   749
359,751.000000,   751
360,747.000000,   747
361,747.000000,   747
362,734.000000,   734
363,740.000000,   740
364,773.000000,   773
365,752.000000,   752
366,735.000000,   735
367,747.000000,   747
368,754.000000,   754
369,742.000000,   742
370,755.000000,   755
371,748.000000,   748
372,759.000000,   759
373,743.000000,   743
374,756.000000,   756
375,743.000000,   743
376,748.000000,   748
377,747.000000,   747
378,736.000000,   736
379,753.000000,   753
380,759.000000,   759
381,769.000000,   769
382,743.000000,   743
383,750.000000,   750
384,742.000000,   742
385,743.000000,   743
386,754.000000,   754
387,746.000000,   746
388,753.000000,   753
389,742.000000,   742
390,758.000000,   758
391,740.000000,   740
392,735.000000,   735
393,743.000000,   743
394,757.000000,   757
395,754.000000,   754
396,738.000000,   738
397,740.000000,   740
398,743.000000,   743
399,759.000000,   759
400,759.000000,   759
401,757.000000,   757
402,758.000000,   758
403,756.000000,   756
404,743.000000,   743
405,745.000000,   745
406,757.000000,   757
407,751.000000,   751
408,758.000000,   758
409,763.000000,   763
410,745.000000,   745
411,763.000000,   763
412,748.000000,   748
413,737.000000,   737
414,747.000000,   747
415,740.000000,   740
416,748.000000,   748
417,747.000000,   747
418,760.000000,   760
419,772.000000,   772
420,744.000000,   744
421,748.000000,   748
422,753.000000,   753
423,744.000000,   744
424,755.000000,   755
425,742.000000,   742
426,749.000000,   749
427,764.000000,   764
428,750.000000,   750
429,747.000000,   747
430,738.000000,   738
431,744.000000,   744
432,735.000000,   735
433,758.000000,   758
434,754.000000,   754
435,750.000000,   750
436,751.000000,   751
437,762.000000,   762
438,772.000000,   772
439,753.000000,   753
440,749.000000,   749
441,756.000000,   756
442,748.000000,   748
443,751.000000,   751
444,743.000000,   743
445,743.000000,   743
446,750.000000,   750
447,749.000000,   749
448,746.000000,   746
449,753.000000,   753
450,756.000000,   756
451,760.000000,   760
452,761.000000,   761
453,740.000000,   740
454,762.000000,   762
455,759.000000,   759
456,761.000000,   761
457,760.000000,   760
458,748.000000,   748
459,754.000000,   754
460,753.000000,   753
461,740.000000,   740
462,762.000000,   762
463,758.000000,   758
464,762.000000,   762
465,744.000000,   744
466,757.000000,   757
467,755.000000,   755
468,753.000000,   753
469,748.000000,   748
470,755.000000,   755
471,764.000000,   764
472,772.000000,   772
473,747.000000,   747
474,760.000000,   760
475,776.000000,   776
476,771.000000,   771
477,768.000000,   768
478,762.000000,   762
479,750.000000,   750
480,746.000000,   746
481,771.000000,   771
482,753.000000,   753
483,755.000000,   755
484,758.000000,   758
485,747.000000,   747
486,767.000000,   767
487,765.000000,   765
488,743.000000,   743
489,765.000000,   765
490,759.000000,   759
491,760.000000,   760
492,772.000000,   772
493,765.000000,   765
494,746.000000,   746
495,749.000000,   749
496,766.000000,   766
497,759.000000,   759
498,759.000000,   759
499,760.000000,   760
500,751.000000,   751
501,779.000000,   779
502,764.000000,   764
503,752.000000,   752
504,746.000000,   746
505,781.000000,   781
506,770.000000,   770
507,762.000000,   762
508,780.000000,   780
509,774.000000,   774
510,773.000000,   773
511,768.000000,   768
512,762.000000,   762
513,759.000000,   759
514,764.000000,   764
515,759.000000,   759
516,760.000000,   760
517,765.000000,   765
518,748.000000,   748
519,761.000000,   761
520,750.000000,   750
521,768.000000,   768
522,753.000000,   753
523,752.000000,   752
524,748.000000,   748
525,753.000000,   753
526,753.000000,   753
527,749.000000,   749
528,772.000000,   772
529,760.000000,   760
530,754.000000,   754
531,762.000000,   762
532,765.000000,   765
533,768.000000,   768
534,760.000000,   760
535,762.000000,   762
536,772.000000,   772
537,755.000000,   755
538,760.000000,   760
539,756.000000,   756
540,755.000000,   755
541,753.000000,   753
542,754.000000,   754
543,761.000000,   761
544,749.000000,   749
545,752.000000,   752
546,755.000000,   755
547,752.000000,   752
548,754.000000,   754
549,753.000000,   753
550,752.000000,   752
551,758.000000,   758
552,771.000000,   771
553,757.000000,   757
554,754.000000,   754
555,762.000000,   762
556,759.000000,   759
557,767.000000,   767
558,759.000000,   759
559,771.000000,   771
560,766.000000,   766
561,767.000000,   767
562,763.000000,   763
563,765.000000,   765
564,750.000000,   750
565,762.000000,   762
566,780.000000,   780
567,778.000000,   778
568,762.000000,   762
569,767.000000,   767
570,759.000000,   759
571,763.000000,   763
572,769.000000,   769
573,769.000000,   769
574,759.000000,   759
575,773.000000,   773
576,770.000000,   770
577,759.000000,   759
578,760.000000,   760
579,771.000000,   771
580,784.000000,   784
581,770.000000,   770
582,773.000000,   773
583,760.000000,   760
584,760.000000,   760
585,764.000000,   764
586,760.000000,   760
587,763.000000,   763
588,770.000000,   770
589,764.000000,   764
590,757.000000,   757
591,767.000000,   767
592,776.000000,   776
593,763.000000,   763
594,761.000000,   761
595,759.000000,   759
596,773.000000,   773
597,758.000000,   758
598,761.000000,   761
599,771.000000,   771
600,757.000000,   757
601,759.000000,   759
602,760.000000,   760
603,748.000000,   748
604,768.000000,   768
605,743.000000,   743
606,768.000000,   768
607,768.000000,   768
608,770.000000,   770
609,762.000000,   762
610,763.000000,   763
611,773.000000,   773
612,774.000000,   774
613,779.000000,   779
614,765.000000,   765
615,757.000000,   757
616,770.000000,   770
617,776.000000,   776
618,773.000000,   773
619,756.000000,   756
620,775.000000,   775
621,776.000000,   776
622,781.000000,   781
623,761.000000,   761
624,768.000000,   768
625,764.000000,   764
626,760.000000,   760
627,749.000000,   749
628,757.000000,   757
629,765.000000,   765
630,771.000000,   771
631,758.000000,   758
632,762.000000,   762
633,763.000000,   763
634,751.000000,   751
635,775.000000,   775
636,762.000000,   762
637,772.000000,   772
638,782.000000,   782
639,758.000000,   758
640,766.000000,   766
641,779.000000,   779
642,762.000000,   762
643,763.000000,   763
644,772.000000,   772
645,766.000000,   766
646,750.000000,   750
647,752.000000,   752
648,767.000000,   767
649,758.000000,   758
650,772.000000,   772
651,771.000000,   771
652,781.000000,   781
653,761.000000,   761
654,762.000000,   762
655,742.000000,   742
656,768.000000,   768
657,779.000000,   779
658,763.000000,   763
659,743.000000,   743
660,763.000000,   763
661,768.000000,   768
662,764.000000,   764
663,764.000000,   764
664,770.000000,   770
665,773.000000,   773
666,762.000000,   762
667,760.000000,   760
668,768.000000,   768
669,762.000000,   762
670,760.000000,   760
671,755.000000,   755
672,752.000000,   752
673,746.000000,   746
674,762.000000,   762
675,767.000000,   767
676,761.000000,   761
677,769.000000,   769
678,769.000000,   769
679,766.000000,   766
680,770.000000,   770
681,763.000000,   763
682,759.000000,   759
683,764.000000,   764
684,767.000000,   767
685,755.000000,   755
686,758.000000,   758
687,761.000000,   761
688,773.000000,   773
689,766.000000,   766
690,750.000000,   750
691,763.000000,   763
692,772.000000,   772
693,782.000000,   782
694,760.000000,   760
695,763.000000,   763
696,769.000000,   769
697,779.000000,   779
698,771.000000,   771
699,775.000000,   775
700,768.000000,   768
701,775.000000,   775
702,761.000000,   761
703,754.000000,   754
704,766.000000,   766
705,773.000000,   773
706,752.000000,   752
707,760.000000,   760
708,761.000000,   761
709,765.000000,   765
710,755.000000,   755
711,755.000000,   755
712,766.000000,   766
713,772.000000,   772
714,778.000000,   778
715,770.000000,   770
716,780.000000,   780
717,755.000000,   755
718,771.000000,   771
719,772.000000,   772
720,771.000000,   771
721,761.000000,   761
722,763.000000,   763
723,763.000000,   763
724,777.000000,   777
725,769.000000,   769
726,759.000000,   759
727,759.000000,   759
728,762.000000,   762
729,768.000000,   768
730,756.000000,   756
731,771.000000,   771
732,761.000000,   761
733,754.000000,   754
734,759.000000,   759
735,767.000000,   767
736,757.000000,   757
737,772.000000,   772
738,769.000000,   769
739,758.000000,   758
740,768.000000,   768
741,766.000000,   766
742,756.000000,   756
743,767.000000,   767
744,757.000000,   757
745,764.000000,   764
746,755.000000,   755
747,752.000000,   752
748,768.000000,   768
749,770.000000,   770
750,773.000000,   773
751,767.000000,   767
752,758.000000,   758
753,760.000000,   760
754,760.000000,   760
755,766.000000,   766
756,776.000000,   776
757,768.000000,   768
758,743.000000,   743
759,758.000000,   758
760,749.000000,   749
761,762.000000,   762
762,761.000000,   761
763,764.000000,   764
764,759.000000,   759
765,751.000000,   751
766,759.000000,   759
767,759.000000,   759
768,755.000000,   755
769,757.000000,   757
770,758.000000,   758
771,766.000000,   766
772,762.000000,   762
773,769.000000,   769
774,770.000000,   770
775,772.000000,   772
776,766.000000,   766
777,757.000000,   757
778,757.000000,   757
779,763.000000,   763
780,752.000000,   752
781,744.000000,   744
782,748.000000,   748
783,757.000000,   757
784,767.000000,   767
785,763.000000,   763
786,756.000000,   756
787,777.000000,   777
788,754.000000,   754
789,767.000000,   767
790,753.000000,   753
791,755.000000,   755
792,762.000000,   762
793,763.000000,   763
794,761.000000,   761
795,774.000000,   774
796,751.000000,   751
797,750.000000,   750
798,758.000000,   758
799,755.000000,   755
800,756.000000,   756
801,759.000000,   759
802,766.000000,   766
803,751.000000,   751
804,753.000000,   753
805,753.000000,   753
806,756.000000,   756
807,758.000000,   758
808,754.000000,   754
809,749.000000,   749
810,759.000000,   759
811,745.000000,   745
812,747.000000,   747
813,749.000000,   749
814,748.000000,   748
815,771.000000,   771
816,766.000000,   766
817,752.000000,   752
818,761.000000,   761
819,753.000000,   753
820,757.000000,   757
821,758.000000,   758
822,760.000000,   760
823,768.000000,   768
824,766.000000,   766
825,760.000000,   760
826,754.000000,   754
827,764.000000,   764
828,770.000000,   770
829,763.000000,   763
830,761.000000,   761
831,746.000000,   746
832,764.000000,   764
833,775.000000,   775
834,759.000000,   759
835,753.000000,   753
836,746.000000,   746
837,740.000000,   740
838,753.000000,   753
839,756.000000,   756
840,758.000000,   758
841,753.000000,   753
842,746.000000,   746
843,746.000000,   746
844,755.000000,   755
845,747.000000,   747
846,749.000000,   749
847,763.000000,   763
848,754.000000,   754
849,743.000000,   743
850,746.000000,   746
851,753.000000,   753
852,746.000000,   746
853,753.000000,   753
854,756.000000,   756
855,746.000000,   746
856,756.000000,   756
857,743.000000,   743
858,752.000000,   752
859,748.000000,   748
860,743.000000,   743
861,747.000000,   747
862,757.000000,   757
863,755.000000,   755
864,769.000000,   769
865,756.000000,   756
866,747.000000,   747
867,760.000000,   760
868,754.000000,   754
869,750.000000,   750
870,757.000000,   757
871,744.000000,   744
872,762.000000,   762
873,739.000000,   739
874,756.000000,   756
875,747.000000,   747
876,753.000000,   753
877,758.000000,   758
878,758.000000,   758
879,764.000000,   764
880,750.000000,   750
881,757.000000,   757
882,737.000000,   737
883,756.000000,   756
884,761.000000,   761
885,756.000000,   756
886,764.000000,   764
887,762.000000,   762
888,757.000000,   757
889,755.000000,   755
890,753.000000,   753
891,759.000000,   759
892,765.000000,   765
893,747.000000,   747
894,759.000000,   759
895,756.000000,   756
896,761.000000,   761
897,756.000000,   756
898,752.000000,   752
899,753.000000,   753
900,754.000000,   754
901,762.000000,   762
902,756.000000,   756
903,762.000000,   762
904,764.000000,   764
905,758.000000,   758
906,751.000000,   751
907,746.000000,   746
908,740.000000,   740
909,756.000000,   756
910,731.000000,   731
911,750.000000,   750
912,750.000000,   750
913,761.000000,   761
914,758.000000,   758
915,745.000000,   745
916,746.000000,   746
917,760.000000,   760
918,751.000000,   751
919,749.000000,   749
920,748.000000,   748
921,743.000000,   743
922,751.000000,   751
923,763.000000,   763
924,733.000000,   733
925,740.000000,   740
926,738.000000,   738
927,749.000000,   749
928,759.000000,   759
929,758.000000,   758
930,748.000000,   748
931,738.000000,   738
932,752.000000,   752
933,744.000000,   744
934,747.000000,   747
935,752.000000,   752
936,748.000000,   748
937,755.000000,   755
938,757.000000,   757
939,755.000000,   755
940,754.000000,   754
941,758.000000,   758
942,754.000000,   754
943,739.000000,   739
944,751.000000,   751
945,737.000000,   737
946,753.000000,   753
947,743.000000,   743
948,765.000000,   765
949,777.000000,   777
950,752.000000,   752
951,755.000000,   755
952,755.000000,   755
953,755.000000,   755
954,756.000000,   756
955,764.000000,   764
956,751.000000,   751
957,754.000000,   754
958,755.000000,   755
959,746.000000,   746
960,759.000000,   759
961,757.000000,   757
962,755.000000,   755
963,734.000000,   734
964,739.000000,   739
965,755.000000,   755
966,757.000000,   757
967,753.000000,   753
968,758.000000,   758
969,761.000000,   761
970,750.000000,   750
971,731.000000,   731
972,744.000000,   744
973,740.000000,   740
974,734.000000,   734
975,730.000000,   730
976,740.000000,   740
977,741.000000,   741
978,743.000000,   743
979,729.000000,   729
980,751.000000,   751
981,737.000000,   737
982,756.000000,   756
983,739.000000,   739
984,743.000000,   743
985,752.000000,   752
986,748.000000,   748
987,753.000000,   753
988,753.000000,   753
989,744.000000,   744
990,753.000000,   753
991,738.000000,   738
992,749.000000,   749
993,747.000000,   747
994,748.000000,   748
995,749.000000,   749
996,733.000000,   733
997,740.000000,   740
998,760.000000,   760
999,754.000000,   754
1000,753.000000,   753
1001,749.000000,   749
1002,763.000000,   763
1003,759.000000,   759
1004,744.000000,   744
1005,763.000000,   763
1006,752.000000,   752
1007,758.000000,   758
1008,751.000000,   751
1009,747.000000,   747
1010,742.000000,   742
1011,749.000000,   749
1012,742.000000,   742
1013,738.000000,   738
1014,748.000000,   748
1015,774.000000,   774
1016,749.000000,   749
1017,752.000000,   752
1018,760.000000,   760
1019,738.000000,   738
1020,745.000000,   745
1021,742.000000,   742
1022,749.000000,   749
1023,753.000000,   753
1024,749.000000,   749
1025,751.000000,   751
1026,740.000000,   740
1027,736.000000,   736
1028,750.000000,   750
1029,767.000000,   767
1030,757.000000,   757
1031,743.000000,   743
1032,751.000000,   751
1033,735.000000,   735
1034,733.000000,   733
1035,743.000000,   743
1036,739.000000,   739
1037,737.000000,   737
1038,741.000000,   741
1039,746.000000,   746
1040,737.000000,   737
1041,736.000000,   736
1042,745.000000,   745
1043,735.000000,   735
1044,745.000000,   745
1045,733.000000,   733
1046,753.000000,   753
1047,758.000000,   758
1048,735.000000,   735
1049,746.000000,   746
1050,751.000000,   751
1051,741.000000,   741
1052,760.000000,   760
1053,745.000000,   745
1054,726.000000,   726
1055,730.000000,   730
1056,748.000000,   748
1057,730.000000,   730
1058,739.000000,   739
1059,723.000000,   723
1060,738.000000,   738
1061,742.000000,   742
1062,751.000000,   751
1063,739.000000,   739
1064,731.000000,   731
1065,727.000000,   727
1066,739.000000,   739
1067,739.000000,   739
1068,744.000000,   744
1069,742.000000,   742
1070,740.000000,   740
1071,729.000000,   729
1072,735.000000,   735
1073,732.000000,   732
1074,736.000000,   736
1075,741.000000,   741
1076,745.000000,   745
1077,735.000000,   735
1078,735.000000,   735
1079,738.000000,   738
1080,744.000000,   744
1081,739.000000,   739
1082,743.000000,   743
1083,737.000000,   737
1084,738.000000,   738
1085,747.000000,   747
1086,739.000000,   739
1087,738.000000,   738
1088,730.000000,   730
1089,732.000000,   732
1090,732.000000,   732
1091,733.000000,   733
1092,733.000000,   733
1093,736.000000,   736
1094,733.000000,   733
1095,743.000000,   743
1096,745.000000,   745
1097,725.000000,   725
1098,742.000000,   742
1099,737.000000,   737
1100,734.000000,   734
1101,733.000000,   733
1102,734.000000,   734
1103,740.000000,   740
1104,732.000000,   732
1105,739.000000,   739
1106,745.000000,   745
1107,750.000000,   750
1108,735.000000,   735
1109,728.000000,   728
1110,731.000000,   731
1111,734.000000,   734
1112,740.000000,   740
1113,723.000000,   723
1114,736.000000,   736
1115,748.000000,   748
1116,733.000000,   733
1117,726.000000,   726
1118,722.000000,   722
1119,736.000000,   736
1120,738.000000,   738
1121,747.000000,   747
1122,740.000000,   740
1123,735.000000,   735
1124,733.000000,   733
1125,725.000000,   725
1126,736.000000,   736
1127,734.000000,   734
1128,748.000000,   748
1129,728.000000,   728
1130,742.000000,   742
1131,730.000000,   730
1132,736.000000,   736
1133,735.000000,   735
1134,743.000000,   743
1135,728.000000,   728
1136,730.000000,   730
1137,747.000000,   747
1138,733.000000,   733
1139,734.000000,   734
1140,733.000000,   733
1141,742.000000,   742
1142,744.000000,   744
1143,734.000000,   734
1144,740.000000,   740
1145,732.000000,   732
1146,728.000000,   728
1147,740.000000,   740
1148,731.000000,   731
1149,717.000000,   717
1150,729.000000,   729
1151,741.000000,   741
1152,725.000000,   725
1153,717.000000,   717
1154,729.000000,   729
1155,746.000000,   746
1156,728.000000,   728
1157,735.000000,   735
1158,714.000000,   714
1159,724.000000,   724
1160,723.000000,   723
1161,734.000000,   734
1162,734.000000,   734
1163,739.000000,   739
1164,731.000000,   731
1165,738.000000,   738
1166,736.000000,   736
1167,724.000000,   724
1168,732.000000,   732
1169,736.000000,   736
1170,718.000000,   718
1171,738.000000,   738
1172,714.000000,   714
1173,719.000000,   719
1174,733.000000,   733
1175,717.000000,   717
1176,708.000000,   708
1177,728.000000,   728
1178,719.000000,   719
1179,723.000000,   723
1180,725.000000,   725
1181,742.000000,   742
1182,724.000000,   724
1183,721.000000,   721
1184,719.000000,   719
1185,721.000000,   721
1186,727.000000,   727
1187,723.000000,   723
1188,720.000000,   720
1189,732.000000,   732
1190,726.000000,   726
1191,715.000000,   715
1192,714.000000,   714
1193,728.000000,   728
1194,728.000000,   728
1195,728.000000,   728
1196,721.000000,   721
1197,723.000000,   723
1198,734.000000,   734
1199,709.000000,   709
1200,721.000000,   721
1201,723.000000,   723
1202,726.000000,   726
1203,712.000000,   712
1204,720.000000,   720
1205,727.000000,   727
1206,729.000000,   729
1207,712.000000,   712
1208,731.000000,   731
1209,723.000000,   723
1210,740.000000,   740
1211,728.000000,   728
1212,718.000000,   718
1213,717.000000,   717
1214,720.000000,   720
1215,729.000000,   729
1216,734.000000,   734
1217,719.000000,   719
1218,713.000000,   713
1219,710.000000,   710
1220,711.000000,   711
1221,732.000000,   732
1222,737.000000,   737
1223,724.000000,   724
1224,714.000000,   714
1225,722.000000,   722
1226,712.000000,   712
1227,709.000000,   709
1228,710.000000,   710
1229,726.000000,   726
1230,731.000000,   731
1231,719.000000,   719
1232,704.000000,   704
1233,715.000000,   715
1234,705.000000,   705
1235,713.000000,   713
1236,715.000000,   715
1237,717.000000,   717
1238,716.000000,   716
1239,723.000000,   723
1240,728.000000,   728
1241,722.000000,   722
1242,707.000000,   707
1243,721.000000,   721
1244,707.000000,   707
1245,708.000000,   708
1246,715.000000,   715
1247,727.000000,   727
1248,727.000000,   727
1249,714.000000,   714
1250,707.000000,   707
1251,715.000000,   715
1252,724.000000,   724
1253,712.000000,   712
1254,723.000000,   723
1255,713.000000,   713
1256,712.000000,   712
1257,722.000000,   722
1258,712.000000,   712
1259,712.000000,   712
1260,707.000000,   707
1261,714.000000,   714
1262,726.000000,   726
1263,723.000000,   723
1264,709.000000,   709
1265,699.000000,   699
1266,715.000000,   715
1267,707.000000,   707
1268,723.000000,   723
1269,715.000000,   715
1270,718.000000,   718
1271,718.000000,   718
1272,725.000000,   725
1273,721.000000,   721
1274,720.000000,   720
1275,716.000000,   716
1276,719.000000,   719
1277,713.000000,   713
1278,722.000000,   722
1279,695.000000,   695
1280,712.000000,   712
1281,707.000000,   707
1282,713.000000,   713
1283,717.000000,   717
1284,707.000000,   707
1285,712.000000,   712
1286,711.000000,   711
1287,700.000000,   700
1288,712.000000,   712
1289,707.000000,   707
1290,698.000000,   698
1291,690.000000,   690
1292,696.000000,   696
1293,706.000000,   706
1294,703.000000,   703
1295,705.000000,   705
1296,702.000000,   702
1297,701.000000,   701
1298,716.000000,   716
1299,707.000000,   707
1300,703.000000,   703
1301,708.000000,   708
1302,691.000000,   691
1303,697.000000,   697
1304,713.000000,   713
1305,715.000000,   715
1306,709.000000,   709
1307,700.000000,   700
1308,696.000000,   696
1309,712.000000,   712
1310,717.000000,   717
1311,697.000000,   697
1312,707.000000,   707
1313,698.000000,   698
1314,698.000000,   698
1315,694.000000,   694
1316,702.000000,   702
1317,701.000000,   701
1318,690.000000,   690
1319,688.000000,   688
1320,705.000000,   705
1321,699.000000,   699
1322,687.000000,   687
1323,699.000000,   699
1324,708.000000,   708
1325,702.000000,   702
1326,703.000000,   703
1327,690.000000,   690
1328,703.000000,   703
1329,698.000000,   698
1330,678.000000,   678
1331,692.000000,   692
1332,695.000000,   695
1333,693.000000,   693
1334,698.000000,   698
1335,682.000000,   682
1336,683.000000,   683
1337,701.000000,   701
1338,687.000000,   687
1339,688.000000,   688
1340,699.000000,   699
1341,703.000000,   703
1342,703.000000,   703
1343,702.000000,   702
1344,690.000000,   690
1345,693.000000,   693
1346,696.000000,   696
1347,677.000000,   677
1348,701.000000,   701
1349,688.000000,   688
1350,687.000000,   687
1351,692.000000,   692
1352,691.000000,   691
1353,695.000000,   695
1354,695.000000,   695
1355,689.000000,   689
1356,689.000000,   689
1357,698.000000,   698
1358,694.000000,   694
1359,685.000000,   685
1360,687.000000,   687
1361,692.000000,   692
1362,694.000000,   694
1363,682.000000,   682
1364,701.000000,   701
1365,687.000000,   687
1366,677.000000,   677
1367,676.000000,   676
1368,685.000000,   685
1369,700.000000,   700
1370,696.000000,   696
1371,694.000000,   694
1372,688.000000,   688
1373,694.000000,   694
1374,683.000000,   683
1375,674.000000,   674
1376,684.000000,   684
1377,682.000000,   682
1378,684.000000,   684
1379,679.000000,   679
1380,676.000000,   676
1381,673.000000,   673
1382,669.000000,   669
1383,687.000000,   687
1384,659.000000,   659
1385,683.000000,   683
1386,682.000000,   682
1387,681.000000,   681
1388,670.000000,   670
1389,671.000000,   671
1390,678.000000,   678
1391,670.000000,   670
1392,659.000000,   659
1393,684.000000,   684
1394,683.000000,   683
1395,678.000000,   678
1396,659.000000,   659
1397,663.000000,   663
1398,682.000000,   682
1399,678.000000,   678
1400,671.000000,   671
1401,684.000000,   684
1402,667.000000,   667
1403,673.000000,   673
1404,676.000000,   676
1405,675.000000,   675
1406,672.000000,   672
1407,666.000000,   666
1408,667.000000,   667
1409,674.000000,   674
1410,668.000000,   668
1411,665.000000,   665
1412,673.000000,   673
1413,677.000000,   677
1414,670.000000,   670
1415,661.000000,   661
1416,687.000000,   687
1417,671.000000,   671
1418,665.000000,   665
1419,665.000000,   665
1420,674.000000,   674
1421,669.000000,   669
1422,666.000000,   666
1423,660.000000,   660
1424,648.000000,   648
1425,670.000000,   670
1426,669.000000,   669
1427,675.000000,   675
1428,671.000000,   671
1429,678.000000,   678
1430,670.000000,   670
1431,665.000000,   665
1432,653.000000,   653
1433,662.000000,   662
1434,664.000000,   664
1435,659.000000,   659
1436,656.000000,   656
1437,653.000000,   653
1438,658.000000,   658
1439,665.000000,   665
1440,660.000000,   660
1441,647.000000,   647
1442,654.000000,   654
1443,641.000000,   641
1444,668.000000,   668
1445,654.000000,   654
1446,649.000000,   649
1447,649.000000,   649
1448,655.000000,   655
1449,656.000000,   656
1450,649.000000,   649
1451,650.000000,   650
1452,642.000000,   642
1453,643.000000,   643
1454,638.000000,   638
1455,644.000000,   644
1456,640.000000,   640
1457,652.000000,   652
1458,642.000000,   642
1459,647.000000,   647
1460,649.000000,   649
1461,643.000000,   643
1462,641.000000,   641
1463,637.000000,   637
1464,641.000000,   641
1465,637.000000,   637
1466,643.000000,   643
1467,648.000000,   648
1468,648.000000,   648
1469,642.000000,   642
1470,637.000000,   637
1471,645.000000,   645
1472,640.000000,   640
1473,658.000000,   658
1474,648.000000,   648
1475,644.000000,   644
1476,649.000000,   649
1477,642.000000,   642
1478,644.000000,   644
1479,634.000000,   634
1480,633.000000,   633
1481,640.000000,   640
1482,626.000000,   626
1483,641.000000,   641
1484,639.000000,   639
1485,624.000000,   624
1486,639.000000,   639
1487,638.000000,   638
1488,646.000000,   646
1489,637.000000,   637
1490,632.000000,   632
1491,641.000000,   641
1492,621.000000,   621
1493,625.000000,   625
1494,632.000000,   632
1495,636.000000,   636
1496,633.000000,   633
1497,631.000000,   631
1498,637.000000,   637
1499,642.000000,   642
1500,643.000000,   643
1501,635.000000,   635
1502,638.000000,   638
1503,641.000000,   641
1504,633.000000,   633
1505,616.000000,   616
1506,618.000000,   618
1507,637.000000,   637
1508,633.000000,   633
1509,626.000000,   626
1510,621.000000,   621
1511,631.000000,   631
1512,628.000000,   628
1513,615.000000,   615
1514,612.000000,   612
1515,629.000000,   629
1516,624.000000,   624
1517,629.000000,   629
1518,626.000000,   626
1519,628.000000,   628
1520,634.000000,   634
1521,621.000000,   621
1522,622.000000,   622
1523,627.000000,   627
1524,613.000000,   613
1525,628.000000,   628
1526,611.000000,   611
1527,639.000000,   639
1528,632.000000,   632
1529,620.000000,   620
1530,602.000000,   602
1531,618.000000,   618
1532,630.000000,   630
1533,621.000000,   621
1534,616.000000,   616
1535,627.000000,   627
1536,613.000000,   613
1537,607.000000,   607
1538,610.000000,   610
1539,623.000000,   623
1540,615.000000,   615
1541,622.000000,   622
1542,621.000000,   621
1543,614.000000,   614
1544,598.000000,   598
1545,611.000000,   611
1546,599.000000,   599
1547,606.000000,   606
1548,626.000000,   626
1549,606.000000,   606
1550,620.000000,   620
1551,610.000000,   610
1552,620.000000,   620
1553,603.000000,   603
1554,605.000000,   605
1555,613.000000,   613
1556,604.000000,   604
1557,625.000000,   625
1558,624.000000,   624
1559,610.000000,   610
1560,610.000000,   610
1561,605.000000,   605
1562,611.000000,   611
1563,600.000000,   600
1564,614.000000,   614
1565,609.000000,   609
1566,606.000000,   606
1567,606.000000,   606
1568,606.000000,   606
1569,598.000000,   598
1570,603.000000,   603
1571,609.000000,   609
1572,608.000000,   608
1573,602.000000,   602
1574,583.000000,   583
1575,592.000000,   592
1576,591.000000,   591
1577,604.000000,   604
1578,591.000000,   591
1579,606.000000,   606
1580,604.000000,   604
1581,595.000000,   595
1582,590.000000,   590
1583,598.000000,   598
1584,600.000000,   600
1585,600.000000,   600
1586,602.000000,   602
1587,596.000000,   596
1588,590.000000,   590
1589,596.000000,   596
1590,588.000000,   588
1591,597.000000,   597
1592,595.000000,   595
1593,597.000000,   597
1594,607.000000,   607
1595,602.000000,   602
1596,599.000000,   599
1597,592.000000,   592
1598,593.000000,   593
1599,598.000000,   598
1600,586.000000,   586
1601,594.000000,   594
1602,609.000000,   609
1603,591.000000,   591
1604,589.000000,   589
1605,595.000000,   595
1606,588.000000,   588
1607,596.000000,   596
1608,585.000000,   585
1609,600.000000,   600
1610,599.000000,   599
1611,591.000000,   591
1612,589.000000,   589
1613,580.000000,   580
1614,578.000000,   578
1615,583.000000,   583
1616,591.000000,   591
1617,577.000000,   577
1618,596.000000,   596
1619,582.000000,   582
1620,579.000000,   579
1621,594.000000,   594
1622,586.000000,   586
1623,594.000000,   594
1624,576.000000,   576
1625,571.000000,   571
1626,570.000000,   570
1627,586.000000,   586
1628,572.000000,   572
1629,579.000000,   579
1630,579.000000,   579
1631,580.000000,   580
1632,568.000000,   568
1633,570.000000,   570
1634,587.000000,   587
1635,578.000000,   578
1636,575.000000,   575
1637,581.000000,   581
1638,583.000000,   583
1639,572.000000,   572
1640,561.000000,   561
1641,570.000000,   570
1642,577.000000,   577
1643,579.000000,   579
1644,576.000000,   576
1645,587.000000,   587
1646,576.000000,   576
1647,580.000000,   580
1648,575.000000,   575
1649,579.000000,   579
1650,576.000000,   576
1651,584.000000,   584
1652,572.000000,   572
1653,570.000000,   570
1654,563.000000,   563
1655,568.000000,   568
1656,574.000000,   574
1657,574.000000,   574
1658,566.000000,   566
1659,580.000000,   580
1660,583.000000,   583
1661,563.000000,   563
1662,563.000000,   563
1663,575.000000,   575
1664,562.000000,   562
1665,579.000000,   579
1666,573.000000,   573
1667,571.000000,   571
1668,576.000000,   576
1669,561.000000,   561
1670,568.000000,   568
1671,568.000000,   568
1672,582.000000,   582
1673,571.000000,   571
1674,563.000000,   563
1675,569.000000,   569
1676,570.000000,   570
1677,556.000000,   556
1678,569.000000,   569
1679,570.000000,   570
1680,562.000000,   562
1681,562.000000,   562
1682,566.000000,   566
1683,561.000000,   561
1684,576.000000,   576
1685,572.000000,   572
1686,576.000000,   576
1687,573.000000,   573
1688,577.000000,   577
1689,557.000000,   557
1690,560.000000,   560
1691,571.000000,   571
1692,569.000000,   569
1693,562.000000,   562
1694,562.000000,   562
1695,563.000000,   563
1696,577.000000,   577
1697,567.000000,   567
1698,564.000000,   564
1699,565.000000,   565
1700,563.000000,   563
1701,575.000000,   575
1702,566.000000,   566
1703,561.000000,   561
1704,572.000000,   572
1705,559.000000,   559
1706,567.000000,   567
1707,555.000000,   555
1708,554.000000,   554
1709,559.000000,   559
1710,567.000000,   567
1711,564.000000,   564
1712,563.000000,   563
1713,563.000000,   563
1714,566.000000,   566
1715,561.000000,   561
1716,553.000000,   553
1717,565.000000,   565
1718,561.000000,   561
1719,562.000000,   562
1720,554.000000,   554
1721,553.000000,   553
1722,566.000000,   566
1723,559.000000,   559
1724,546.000000,   546
1725,540.000000,   540
1726,558.000000,   558
1727,556.000000,   556
1728,547.000000,   547
1729,549.000000,   549
1730,565.000000,   565
1731,541.000000,   541
1732,562.000000,   562
1733,563.000000,   563
1734,552.000000,   552
1735,543.000000,   543
1736,566.000000,   566
1737,568.000000,   568
1738,558.000000,   558
1739,549.000000,   549
1740,559.000000,   559
1741,561.000000,   561
1742,555.000000,   555
1743,550.000000,   550
1744,553.000000,   553
1745,547.000000,   547
1746,558.000000,   558
1747,552.000000,   552
1748,555.000000,   555
1749,539.000000,   539
1750,543.000000,   543
1751,563.000000,   563
1752,560.000000,   560
1753,549.000000,   549
1754,561.000000,   561
1755,562.000000,   562
1756,544.000000,   544
1757,550.000000,   550
1758,540.000000,   540
1759,550.000000,   550
1760,543.000000,   543
1761,552.000000,   552
1762,556.000000,   556
1763,560.000000,   560
1764,558.000000,   558
1765,557.000000,   557
1766,557.000000,   557
1767,536.000000,   536
1768,554.000000,   554
1769,548.000000,   548
1770,541.000000,   541
1771,555.000000,   555
1772,550.000000,   550
1773,551.000000,   551
1774,552.000000,   552
1775,555.000000,   555
1776,549.000000,   549
1777,559.000000,   559
1778,564.000000,   564
1779,550.000000,   550
1780,545.000000,   545
1781,541.000000,   541
1782,556.000000,   556
1783,556.000000,   556
1784,548.000000,   548
1785,551.000000,   551
1786,540.000000,   540
1787,549.000000,   549
1788,544.000000,   544
1789,537.000000,   537
1790,538.000000,   538
1791,535.000000,   535
1792,543.000000,   543
1793,543.000000,   543
1794,547.000000,   547
1795,541.000000,   541
1796,559.000000,   559
1797,556.000000,   556
1798,542.000000,   542
1799,548.000000,   548
1800,544.000000,   544
1801,532.000000,   532
1802,552.000000,   552
1803,557.000000,   557
1804,553.000000,   553
1805,545.000000,   545
1806,539.000000,   539
1807,534.000000,   534
1808,545.000000,   545
1809,552.000000,   552
1810,547.000000,   547
1811,536.000000,   536
1812,552.000000,   552
1813,543.000000,   543
1814,553.000000,   553
1815,552.000000,   552
1816,545.000000,   545
1817,542.000000,   542
1818,546.000000,   546
1819,557.000000,   557
1820,547.000000,   547
1821,532.000000,   532
1822,538.000000,   538
1823,537.000000,   537
1824,533.000000,   533
1825,549.000000,   549
1826,547.000000,   547
1827,530.000000,   530
1828,552.000000,   552
1829,543.000000,   543
1830,531.000000,   531
1831,533.000000,   533
1832,533.000000,   533
1833,547.000000,   547
1834,532.000000,   532
1835,534.000000,   534
1836,539.000000,   539
1837,532.000000,   532
1838,538.000000,   538
1839,528.000000,   528
1840,533.000000,   533
1841,519.000000,   519
1842,531.000000,   531
1843,539.000000,   539
1844,532.000000,   532
1845,541.000000,   541
1846,540.000000,   540
1847,536.000000,   536
1848,529.000000,   529
1849,530.000000,   530
1850,547.000000,   547
1851,543.000000,   543
1852,533.000000,   533
1853,548.000000,   548
1854,537.000000,   537
1855,531.000000,   531
1856,539.000000,   539
1857,539.000000,   539
1858,528.000000,   528
1859,536.000000,   536
1860,536.000000,   536
1861,536.000000,   536
1862,549.000000,   549
1863,537.000000,   537
1864,544.000000,   544
1865,549.000000,   549
1866,542.000000,   542
1867,532.000000,   532
1868,536.000000,   536
1869,534.000000,   534
1870,538.000000,   538
1871,541.000000,   541
1872,534.000000,   534
1873,539.000000,   539
1874,538.000000,   538
1875,537.000000,   537
1876,527.000000,   527
1877,530.000000,   530
1878,532.000000,   532
1879,518.000000,   518
1880,533.000000,   533
1881,523.000000,   523
1882,538.000000,   538
1883,528.000000,   528
1884,537.000000,   537
1885,534.000000,   534
1886,528.000000,   528
1887,528.000000,   528
1888,525.000000,   525
1889,536.000000,   536
1890,525.000000,   525
1891,537.000000,   537
1892,531.000000,   531
1893,533.000000,   533
1894,530.000000,   530
1895,536.000000,   536
1896,530.000000,   530
1897,533.000000,   533
1898,527.000000,   527
1899,539.000000,   539
1900,524.000000,   524
1901,530.000000,   530
1902,530.000000,   530
1903,530.000000,   530
1904,521.000000,   521
1905,529.000000,   529
1906,521.000000,   521
1907,528.000000,   528
1908,515.000000,   515
1909,543.000000,   543
1910,524.000000,   524
1911,516.000000,   516
1912,514.000000,   514
1913,508.000000,   508
1914,524.000000,   524
1915,511.000000,   511
1916,522.000000,   522
1917,520.000000,   520
1918,522.000000,   522
1919,522.000000,   522
1920,530.000000,   530
1921,528.000000,   528
1922,533.000000,   533
1923,520.000000,   520
1924,527.000000,   527
1925,514.000000,   514
1926,510.000000,   510
1927,512.000000,   512
1928,532.000000,   532
1929,528.000000,   528
1930,520.000000,   520
1931,529.000000,   529
1932,525.000000,   525
1933,532.000000,   532
1934,535.000000,   535
1935,521.000000,   521
1936,534.000000,   534
1937,521.000000,   521
1938,520.000000,   520
1939,523.000000,   523
1940,520.000000,   520
1941,534.000000,   534
1942,527.000000,   527
1943,518.000000,   518
1944,533.000000,   533
1945,524.000000,   524
1946,528.000000,   528
1947,519.000000,   519
1948,540.000000,   540
1949,525.000000,   525
1950,518.000000,   518
1951,521.000000,   521
1952,519.000000,   519
1953,526.000000,   526
1954,516.000000,   516
1955,519.000000,   519
1956,510.000000,   510
1957,509.000000,   509
1958,508.000000,   508
1959,518.000000,   518
1960,510.000000,   510
1961,522.000000,   522
1962,515.000000,   515
1963,513.000000,   513
1964,513.000000,   513
1965,528.000000,   528
1966,528.000000,   528
1967,521.000000,   521
1968,520.000000,   520
1969,512.000000,   512
1970,509.000000,   509
1971,521.000000,   521
1972,519.000000,   519
1973,514.000000,   514
1974,519.000000,   519
1975,514.000000,   514
1976,518.000000,   518
1977,521.000000,   521
1978,515.000000,   515
1979,513.000000,   513
1980,515.000000,   515
1981,529.000000,   529
1982,513.000000,   513
1983,518.000000,   518
1984,522.000000,   522
1985,512.000000,   512
1986,526.000000,   526
1987,521.000000,   521
1988,524.000000,   524
1989,512.000000,   512
1990,517.000000,   517
1991,523.000000,   523
1992,520.000000,   520
1993,510.000000,   510
1994,511.000000,   511
1995,510.000000,   510
1996,511.000000,   511
1997,513.000000,   513
1998,520.000000,   520
1999,523.000000,   523
2000,512.000000,   512
2001,514.000000,   514
2002,502.000000,   502
2003,514.000000,   514
2004,511.000000,   511
2005,519.000000,   519
2006,509.000000,   509
2007,509.000000,   509
2008,499.000000,   499
2009,515.000000,   515
2010,503.000000,   503
2011,513.000000,   513
2012,513.000000,   513
2013,520.000000,   520
2014,518.000000,   518
2015,520.000000,   520
2016,514.000000,   514
2017,510.000000,   510
2018,511.000000,   511
2019,527.000000,   527
2020,523.000000,   523
2021,505.000000,   505
2022,499.000000,   499
2023,508.000000,   508
2024,521.000000,   521
2025,522.000000,   522
2026,506.000000,   506
2027,516.000000,   516
2028,523.000000,   523
2029,507.000000,   507
2030,499.000000,   499
2031,499.000000,   499
2032,501.000000,   501
2033,510.000000,   510
2034,511.000000,   511
2035,498.000000,   498
2036,512.000000,   512
2037,512.000000,   512
2038,523.000000,   523
2039,502.000000,   502
2040,499.000000,   499
2041,511.000000,   511
2042,509.000000,   509
2043,511.000000,   511
2044,502.000000,   502
2045,506.000000,   506
2046,495.000000,   495
2047,492.000000,   492
2048,507.000000,   507
2049,511.000000,   511
2050,501.000000,   501
2051,503.000000,   503
2052,501.000000,   501
2053,494.000000,   494
2054,501.000000,   501
2055,490.000000,   490
2056,496.000000,   496
2057,492.000000,   492
2058,480.000000,   480
2059,491.000000,   491
2060,479.000000,   479
2061,494.000000,   494
2062,494.000000,   494
2063,478.000000,   478
2064,153.000000,   153
2065,64.000000,    64
2066,43.000000,    43
2067,36.000000,    36
