Type:,WAVELENGH DATA FILE
Exposure Time:,10 m.Sec
Gain:,1
Offset:,10
Line Count:,1


Pixel No,WaveLength(nm),Average,L1
0,2.000,26.000000,    26
1,3.052,23.000000,    23
2,4.218,31.000000,    31
3,5.512,34.000000,    34
4,6.947,556.000000,   556
5,8.537,694.000000,   694
6,10.297,736.000000,   736
7,12.239,737.000000,   737
8,14.378,741.000000,   741
9,16.727,749.000000,   749
10,19.300,742.000000,   742
11,22.111,755.000000,   755
12,25.174,760.000000,   760
13,28.503,754.000000,   754
14,32.111,777.000000,   777
15,36.013,758.000000,   758
16,40.221,774.000000,   774
17,44.750,765.000000,   765
18,49.614,767.000000,   767
19,54.826,753.000000,   753
20,60.400,772.000000,   772
21,66.350,772.000000,   772
22,72.690,768.000000,   768
23,79.434,775.000000,   775
24,86.595,765.000000,   765
25,94.188,758.000000,   758
26,102.225,759.000000,   759
27,110.721,757.000000,   757
28,119.690,772.000000,   772
29,129.145,765.000000,   765
30,139.100,748.000000,   748
31,149.569,742.000000,   742
32,160.566,758.000000,   758
33,172.105,771.000000,   771
34,184.199,757.000000,   757
35,196.863,746.000000,   746
36,210.109,740.000000,   740
37,223.952,748.000000,   748
38,238.406,743.000000,   743
39,253.484,755.000000,   755
40,269.200,727.000000,   727
41,285.568,732.000000,   732
42,302.602,729.000000,   729
43,320.316,731.000000,   731
44,338.723,739.000000,   739
45,357.837,746.000000,   746
46,377.673,730.000000,   730
47,398.243,714.000000,   714
48,419.562,720.000000,   720
49,441.643,717.000000,   717
50,464.500,720.000000,   720
51,488.147,733.000000,   733
52,512.598,710.000000,   710
53,537.867,718.000000,   718
54,563.967,710.000000,   710
55,590.913,696.000000,   696
56,618.717,709.000000,   709
57,647.394,703.000000,   703
58,676.958,703.000000,   703
59,707.422,715.000000,   715
60,738.800,696.000000,   696
61,771.106,705.000000,   705
62,804.354,697.000000,   697
63,838.558,699.000000,   699
64,873.731,694.000000,   694
65,909.887,688.000000,   688
66,947.041,686.000000,   686
67,985.205,714.000000,   714
68,1024.394,692.000000,   692
69,1064.621,700.000000,   700
70,1105.900,691.000000,   691
71,1148.245,685.000000,   685
72,1191.670,681.000000,   681
73,1236.189,689.000000,   689
74,1281.815,697.000000,   697
75,1328.563,685.000000,   685
76,1376.445,685.000000,   685
77,1425.476,683.000000,   683
78,1475.670,697.000000,   697
79,1527.040,687.000000,   687
80,1579.600,682.000000,   682
81,1633.364,696.000000,   696
82,1688.346,687.000000,   687
83,1744.560,681.000000,   681
84,1802.019,678.000000,   678
85,1860.738,687.000000,   687
86,1920.729,685.000000,   685
87,1982.007,700.000000,   700
88,2044.586,679.000000,   679
89,2108.479,680.000000,   680
90,2173.700,686.000000,   686
91,2240.263,692.000000,   692
92,2308.182,685.000000,   685
93,2377.471,695.000000,   695
94,2448.143,694.000000,   694
95,2520.213,684.000000,   684
96,2593.693,675.000000,   675
97,2668.598,687.000000,   687
98,2744.942,686.000000,   686
99,2822.738,684.000000,   684
100,2902.000,708.000000,   708
101,2982.742,703.000000,   703
102,3064.978,703.000000,   703
103,3148.722,690.000000,   690
104,3233.987,696.000000,   696
105,3320.787,688.000000,   688
106,3409.137,685.000000,   685
107,3499.049,704.000000,   704
108,3590.538,696.000000,   696
109,3683.617,693.000000,   693
110,3778.300,691.000000,   691
111,3874.601,678.000000,   678
112,3972.534,689.000000,   689
113,4072.113,690.000000,   690
114,4173.351,692.000000,   692
115,4276.263,692.000000,   692
116,4380.861,687.000000,   687
117,4487.160,687.000000,   687
118,4595.174,697.000000,   697
119,4704.916,699.000000,   699
120,4816.400,699.000000,   699
121,4929.640,705.000000,   705
122,5044.650,708.000000,   708
123,5161.444,682.000000,   682
124,5280.035,694.000000,   694
125,5400.438,696.000000,   696
126,5522.665,699.000000,   699
127,5646.731,695.000000,   695
128,5772.650,695.000000,   695
129,5900.435,689.000000,   689
130,6030.100,704.000000,   704
131,6161.659,704.000000,   704
132,6295.126,698.000000,   698
133,6430.515,689.000000,   689
134,6567.839,698.000000,   698
135,6707.112,696.000000,   696
136,6848.349,699.000000,   699
137,6991.562,701.000000,   701
138,7136.766,695.000000,   695
139,7283.974,700.000000,   700
140,7433.200,703.000000,   703
141,7584.458,704.000000,   704
142,7737.762,685.000000,   685
143,7893.126,711.000000,   711
144,8050.563,702.000000,   702
145,8210.088,686.000000,   686
146,8371.713,693.000000,   693
147,8535.453,695.000000,   695
148,8701.322,699.000000,   699
149,8869.333,690.000000,   690
150,9039.500,702.000000,   702
151,9211.837,702.000000,   702
152,9386.358,699.000000,   699
153,9563.077,718.000000,   718
154,9742.007,695.000000,   695
155,9923.163,704.000000,   704
156,10106.557,706.000000,   706
157,10292.204,695.000000,   695
158,10480.118,690.000000,   690
159,10670.312,695.000000,   695
160,10862.800,692.000000,   692
161,11057.596,699.000000,   699
162,11254.714,715.000000,   715
163,11454.168,708.000000,   708
164,11655.971,699.000000,   699
165,11860.138,699.000000,   699
166,12066.681,698.000000,   698
167,12275.615,692.000000,   692
168,12486.954,705.000000,   705
169,12700.711,681.000000,   681
170,12916.900,704.000000,   704
171,13135.535,691.000000,   691
172,13356.630,699.000000,   699
173,13580.199,707.000000,   707
174,13806.255,705.000000,   705
175,14034.813,705.000000,   705
176,14265.885,710.000000,   710
177,14499.486,697.000000,   697
178,14735.630,688.000000,   688
179,14974.330,708.000000,   708
180,15215.600,698.000000,   698
181,15459.454,700.000000,   700
182,15705.906,719.000000,   719
183,15954.970,698.000000,   698
184,16206.659,707.000000,   707
185,16460.988,694.000000,   694
186,16717.969,709.000000,   709
187,16977.617,694.000000,   694
188,17239.946,695.000000,   695
189,17504.969,705.000000,   705
190,17772.700,689.000000,   689
191,18043.153,697.000000,   697
192,18316.342,704.000000,   704
193,18592.281,692.000000,   692
194,18870.983,697.000000,   697
195,19152.462,712.000000,   712
196,19436.733,710.000000,   710
197,19723.808,709.000000,   709
198,20013.702,719.000000,   719
199,20306.428,720.000000,   720
200,20602.000,694.000000,   694
201,20900.432,715.000000,   715
202,21201.738,688.000000,   688
203,21505.932,684.000000,   684
204,21813.027,700.000000,   700
205,22123.037,703.000000,   703
206,22435.977,703.000000,   703
207,22751.859,710.000000,   710
208,23070.698,714.000000,   714
209,23392.507,696.000000,   696
210,23717.300,698.000000,   698
211,24045.091,703.000000,   703
212,24375.894,705.000000,   705
213,24709.723,702.000000,   702
214,25046.591,702.000000,   702
215,25386.513,710.000000,   710
216,25729.501,707.000000,   707
217,26075.570,713.000000,   713
218,26424.734,707.000000,   707
219,26777.006,693.000000,   693
220,27132.400,696.000000,   696
221,27490.930,696.000000,   696
222,27852.610,706.000000,   706
223,28217.454,722.000000,   722
224,28585.475,702.000000,   702
225,28956.687,706.000000,   706
226,29331.105,708.000000,   708
227,29708.741,716.000000,   716
228,30089.610,701.000000,   701
229,30473.725,707.000000,   707
230,30861.100,705.000000,   705
231,31251.749,706.000000,   706
232,31645.686,687.000000,   687
233,32042.925,700.000000,   700
234,32443.479,683.000000,   683
235,32847.363,698.000000,   698
236,33254.589,703.000000,   703
237,33665.172,707.000000,   707
238,34079.126,708.000000,   708
239,34496.464,691.000000,   691
240,34917.200,708.000000,   708
241,35341.348,699.000000,   699
242,35768.922,700.000000,   700
243,36199.936,718.000000,   718
244,36634.403,708.000000,   708
245,37072.338,701.000000,   701
246,37513.753,701.000000,   701
247,37958.663,710.000000,   710
248,38407.082,707.000000,   707
249,38859.023,701.000000,   701
250,39314.500,699.000000,   699
251,39773.527,696.000000,   696
252,40236.118,711.000000,   711
253,40702.287,701.000000,   701
254,41172.047,683.000000,   683
255,41645.412,697.000000,   697
256,42122.397,706.000000,   706
257,42603.014,698.000000,   698
258,43087.278,704.000000,   704
259,43575.202,699.000000,   699
260,44066.800,704.000000,   704
261,44562.086,711.000000,   711
262,45061.074,707.000000,   707
263,45563.778,708.000000,   708
264,46070.211,718.000000,   718
265,46580.388,711.000000,   711
266,47094.321,696.000000,   696
267,47612.025,702.000000,   702
268,48133.514,699.000000,   699
269,48658.801,705.000000,   705
270,49187.900,701.000000,   701
271,49720.825,703.000000,   703
272,50257.590,703.000000,   703
273,50798.209,710.000000,   710
274,51342.695,708.000000,   708
275,51891.063,705.000000,   705
276,52443.325,711.000000,   711
277,52999.496,716.000000,   716
278,53559.590,716.000000,   716
279,54123.620,687.000000,   687
280,54691.600,706.000000,   706
281,55263.544,721.000000,   721
282,55839.466,702.000000,   702
283,56419.380,705.000000,   705
284,57003.299,705.000000,   705
285,57591.237,709.000000,   709
286,58183.209,712.000000,   712
287,58779.227,720.000000,   720
288,59379.306,709.000000,   709
289,59983.459,712.000000,   712
290,60591.700,701.000000,   701
291,61204.043,706.000000,   706
292,61820.502,704.000000,   704
293,62441.091,691.000000,   691
294,63065.823,718.000000,   718
295,63694.713,709.000000,   709
296,64327.773,714.000000,   714
297,64965.018,699.000000,   699
298,65606.462,705.000000,   705
299,66252.118,707.000000,   707
300,66902.000,710.000000,   710
301,67556.122,708.000000,   708
302,68214.498,708.000000,   708
303,68877.142,704.000000,   704
304,69544.067,699.000000,   699
305,70215.288,721.000000,   721
306,70890.817,715.000000,   715
307,71570.669,699.000000,   699
308,72254.858,708.000000,   708
309,72943.397,709.000000,   709
310,73636.300,704.000000,   704
311,74333.581,703.000000,   703
312,75035.254,697.000000,   697
313,75741.333,699.000000,   699
314,76451.831,698.000000,   698
315,77166.762,716.000000,   716
316,77886.141,708.000000,   708
317,78609.980,707.000000,   707
318,79338.294,694.000000,   694
319,80071.096,700.000000,   700
320,80808.400,707.000000,   707
321,81550.220,709.000000,   709
322,82296.570,701.000000,   701
323,83047.464,696.000000,   696
324,83802.915,717.000000,   717
325,84562.937,723.000000,   723
326,85327.545,702.000000,   702
327,86096.751,706.000000,   706
328,86870.570,716.000000,   716
329,87649.015,712.000000,   712
330,88432.100,716.000000,   716
331,89219.839,701.000000,   701
332,90012.246,708.000000,   708
333,90809.335,701.000000,   701
334,91611.119,713.000000,   713
335,92417.613,700.000000,   700
336,93228.829,707.000000,   707
337,94044.782,711.000000,   711
338,94865.486,702.000000,   702
339,95690.954,719.000000,   719
340,96521.200,701.000000,   701
341,97356.238,702.000000,   702
342,98196.082,716.000000,   716
343,99040.746,712.000000,   712
344,99890.243,713.000000,   713
345,100744.587,714.000000,   714
346,101603.793,726.000000,   726
347,102467.873,721.000000,   721
348,103336.842,722.000000,   722
349,104210.713,712.000000,   712
350,105089.500,709.000000,   709
351,105973.217,710.000000,   710
352,106861.878,725.000000,   725
353,107755.497,720.000000,   720
354,108654.087,719.000000,   719
355,109557.663,705.000000,   705
356,110466.237,711.000000,   711
357,111379.824,707.000000,   707
358,112298.438,715.000000,   715
359,113222.092,718.000000,   718
360,114150.800,712.000000,   712
361,115084.576,698.000000,   698
362,116023.434,704.000000,   704
363,116967.388,714.000000,   714
364,117916.451,707.000000,   707
365,118870.638,717.000000,   717
366,119829.961,700.000000,   700
367,120794.435,725.000000,   725
368,121764.074,719.000000,   719
369,122738.891,715.000000,   715
370,123718.900,710.000000,   710
371,124704.115,717.000000,   717
372,125694.550,713.000000,   713
373,126690.219,720.000000,   720
374,127691.135,719.000000,   719
375,128697.313,730.000000,   730
376,129708.765,711.000000,   711
377,130725.506,713.000000,   713
378,131747.550,706.000000,   706
379,132774.910,713.000000,   713
380,133807.600,716.000000,   716
381,134845.634,708.000000,   708
382,135889.026,711.000000,   711
383,136937.790,709.000000,   709
384,137991.939,721.000000,   721
385,139051.487,706.000000,   706
386,140116.449,714.000000,   714
387,141186.837,710.000000,   710
388,142262.666,714.000000,   714
389,143343.949,711.000000,   711
390,144430.700,722.000000,   722
391,145522.933,707.000000,   707
392,146620.662,705.000000,   705
393,147723.901,718.000000,   718
394,148832.663,713.000000,   713
395,149946.962,711.000000,   711
396,151066.813,717.000000,   717
397,152192.228,700.000000,   700
398,153323.222,712.000000,   712
399,154459.808,701.000000,   701
400,155602.000,714.000000,   714
401,156749.812,716.000000,   716
402,157903.258,701.000000,   701
403,159062.352,724.000000,   724
404,160227.107,712.000000,   712
405,161397.538,713.000000,   713
406,162573.657,710.000000,   710
407,163755.479,717.000000,   717
408,164943.018,708.000000,   708
409,166136.287,715.000000,   715
410,167335.300,713.000000,   713
411,168540.071,721.000000,   721
412,169750.614,722.000000,   722
413,170966.943,705.000000,   705
414,172189.071,715.000000,   715
415,173417.013,710.000000,   710
416,174650.781,713.000000,   713
417,175890.390,715.000000,   715
418,177135.854,711.000000,   711
419,178387.186,709.000000,   709
420,179644.400,723.000000,   723
421,180907.510,722.000000,   722
422,182176.530,705.000000,   705
423,183451.474,714.000000,   714
424,184732.355,723.000000,   723
425,186019.188,711.000000,   711
426,187311.985,716.000000,   716
427,188610.761,711.000000,   711
428,189915.530,716.000000,   716
429,191226.305,710.000000,   710
430,192543.100,713.000000,   713
431,193865.929,702.000000,   702
432,195194.806,700.000000,   700
433,196529.745,710.000000,   710
434,197870.759,711.000000,   711
435,199217.862,715.000000,   715
436,200571.069,723.000000,   723
437,201930.392,722.000000,   722
438,203295.846,716.000000,   716
439,204667.444,711.000000,   711
440,206045.200,711.000000,   711
441,207429.128,700.000000,   700
442,208819.242,710.000000,   710
443,210215.556,716.000000,   716
444,211618.083,701.000000,   701
445,213026.838,717.000000,   717
446,214441.833,717.000000,   717
447,215863.083,720.000000,   720
448,217290.602,719.000000,   719
449,218724.403,724.000000,   724
450,220164.500,720.000000,   720
451,221610.907,708.000000,   708
452,223063.638,715.000000,   715
453,224522.707,719.000000,   719
454,225988.127,714.000000,   714
455,227459.912,712.000000,   712
456,228938.077,711.000000,   711
457,230422.634,726.000000,   726
458,231913.598,703.000000,   703
459,233410.982,723.000000,   723
460,234914.800,719.000000,   719
461,236425.066,713.000000,   713
462,237941.794,705.000000,   705
463,239464.998,707.000000,   707
464,240994.691,729.000000,   729
465,242530.887,707.000000,   707
466,244073.601,712.000000,   712
467,245622.845,724.000000,   724
468,247178.634,723.000000,   723
469,248740.981,715.000000,   715
470,250309.900,720.000000,   720
471,251885.405,719.000000,   719
472,253467.510,724.000000,   724
473,255056.229,716.000000,   716
474,256651.575,718.000000,   718
475,258253.563,690.000000,   690
476,259862.205,710.000000,   710
477,261477.516,714.000000,   714
478,263099.510,713.000000,   713
479,264728.200,721.000000,   721
480,266363.600,705.000000,   705
481,268005.724,710.000000,   710
482,269654.586,702.000000,   702
483,271310.200,728.000000,   728
484,272972.579,726.000000,   726
485,274641.737,722.000000,   722
486,276317.689,716.000000,   716
487,278000.447,715.000000,   715
488,279690.026,723.000000,   723
489,281386.439,721.000000,   721
490,283089.700,724.000000,   724
491,284799.823,703.000000,   703
492,286516.822,718.000000,   718
493,288240.711,717.000000,   717
494,289971.503,705.000000,   705
495,291709.213,717.000000,   717
496,293453.853,713.000000,   713
497,295205.438,722.000000,   722
498,296963.982,714.000000,   714
499,298729.498,728.000000,   728
500,300502.000,720.000000,   720
501,302281.502,710.000000,   710
502,304068.018,720.000000,   720
503,305861.562,735.000000,   735
504,307662.147,728.000000,   728
505,309469.787,712.000000,   712
506,311284.497,721.000000,   721
507,313106.289,716.000000,   716
508,314935.178,730.000000,   730
509,316771.177,736.000000,   736
510,318614.300,721.000000,   721
511,320464.561,706.000000,   706
512,322321.974,727.000000,   727
513,324186.553,717.000000,   717
514,326058.311,712.000000,   712
515,327937.262,720.000000,   720
516,329823.421,727.000000,   727
517,331716.800,713.000000,   713
518,333617.414,709.000000,   709
519,335525.276,731.000000,   731
520,337440.400,731.000000,   731
521,339362.800,704.000000,   704
522,341292.490,709.000000,   709
523,343229.484,718.000000,   718
524,345173.795,712.000000,   712
525,347125.438,715.000000,   715
526,349084.425,717.000000,   717
527,351050.771,722.000000,   722
528,353024.490,706.000000,   706
529,355005.595,722.000000,   722
530,356994.100,732.000000,   732
531,358990.019,736.000000,   736
532,360993.366,723.000000,   723
533,363004.155,719.000000,   719
534,365022.399,721.000000,   721
535,367048.112,737.000000,   737
536,369081.309,724.000000,   724
537,371122.002,715.000000,   715
538,373170.206,715.000000,   715
539,375225.934,734.000000,   734
540,377289.200,724.000000,   724
541,379360.018,712.000000,   712
542,381438.402,728.000000,   728
543,383524.366,733.000000,   733
544,385617.923,722.000000,   722
545,387719.088,721.000000,   721
546,389827.873,713.000000,   713
547,391944.293,732.000000,   732
548,394068.362,725.000000,   725
549,396200.093,710.000000,   710
550,398339.500,709.000000,   709
551,400486.597,722.000000,   722
552,402641.398,719.000000,   719
553,404803.917,722.000000,   722
554,406974.167,724.000000,   724
555,409152.162,714.000000,   714
556,411337.917,722.000000,   722
557,413531.444,710.000000,   710
558,415732.758,724.000000,   724
559,417941.872,720.000000,   720
560,420158.800,716.000000,   716
561,422383.556,707.000000,   707
562,424616.154,728.000000,   728
563,426856.608,729.000000,   729
564,429104.931,731.000000,   731
565,431361.138,719.000000,   719
566,433625.241,714.000000,   714
567,435897.255,730.000000,   730
568,438177.194,736.000000,   736
569,440465.071,718.000000,   718
570,442760.900,735.000000,   735
571,445064.695,712.000000,   712
572,447376.470,718.000000,   718
573,449696.239,720.000000,   720
574,452024.015,716.000000,   716
575,454359.813,722.000000,   722
576,456703.645,719.000000,   719
577,459055.526,723.000000,   723
578,461415.470,721.000000,   721
579,463783.490,725.000000,   725
580,466159.600,732.000000,   732
581,468543.814,726.000000,   726
582,470936.146,715.000000,   715
583,473336.610,729.000000,   729
584,475745.219,731.000000,   731
585,478161.987,726.000000,   726
586,480586.929,728.000000,   728
587,483020.057,727.000000,   727
588,485461.386,712.000000,   712
589,487910.929,724.000000,   724
590,490368.700,727.000000,   727
591,492834.713,743.000000,   743
592,495308.982,724.000000,   724
593,497791.521,728.000000,   728
594,500282.343,720.000000,   720
595,502781.463,705.000000,   705
596,505288.893,727.000000,   727
597,507804.648,737.000000,   737
598,510328.742,726.000000,   726
599,512861.188,729.000000,   729
600,515402.000,712.000000,   712
601,517951.192,730.000000,   730
602,520508.778,720.000000,   720
603,523074.772,715.000000,   715
604,525649.187,728.000000,   728
605,528232.037,716.000000,   716
606,530823.337,728.000000,   728
607,533423.099,721.000000,   721
608,536031.338,717.000000,   717
609,538648.067,717.000000,   717
610,541273.300,712.000000,   712
611,543907.051,735.000000,   735
612,546549.334,722.000000,   722
613,549200.163,712.000000,   712
614,551859.551,711.000000,   711
615,554527.512,725.000000,   725
616,557204.061,719.000000,   719
617,559889.210,719.000000,   719
618,562582.974,722.000000,   722
619,565285.366,725.000000,   725
620,567996.400,735.000000,   735
621,570716.090,715.000000,   715
622,573444.450,720.000000,   720
623,576181.494,722.000000,   722
624,578927.235,719.000000,   719
625,581681.688,714.000000,   714
626,584444.865,721.000000,   721
627,587216.781,736.000000,   736
628,589997.450,731.000000,   731
629,592786.885,724.000000,   724
630,595585.100,724.000000,   724
631,598392.109,726.000000,   726
632,601207.926,733.000000,   733
633,604032.565,738.000000,   738
634,606866.039,719.000000,   719
635,609708.362,723.000000,   723
636,612559.549,720.000000,   720
637,615419.612,731.000000,   731
638,618288.566,712.000000,   712
639,621166.424,719.000000,   719
640,624053.200,728.000000,   728
641,626948.908,729.000000,   729
642,629853.562,732.000000,   732
643,632767.176,731.000000,   731
644,635689.763,719.000000,   719
645,638621.338,741.000000,   741
646,641561.913,729.000000,   729
647,644511.503,722.000000,   722
648,647470.122,713.000000,   713
649,650437.783,731.000000,   731
650,653414.500,720.000000,   720
651,656400.287,729.000000,   729
652,659395.158,727.000000,   727
653,662399.127,713.000000,   713
654,665412.207,718.000000,   718
655,668434.412,725.000000,   725
656,671465.757,740.000000,   740
657,674506.254,709.000000,   709
658,677555.918,719.000000,   719
659,680614.762,719.000000,   719
660,683682.800,723.000000,   723
661,686760.046,724.000000,   724
662,689846.514,718.000000,   718
663,692942.218,729.000000,   729
664,696047.171,719.000000,   719
665,699161.388,715.000000,   715
666,702284.881,728.000000,   728
667,705417.665,723.000000,   723
668,708559.754,721.000000,   721
669,711711.161,723.000000,   723
670,714871.900,704.000000,   704
671,718041.985,715.000000,   715
672,721221.430,714.000000,   714
673,724410.249,694.000000,   694
674,727608.455,723.000000,   723
675,730816.063,709.000000,   709
676,734033.085,714.000000,   714
677,737259.536,720.000000,   720
678,740495.430,723.000000,   723
679,743740.780,717.000000,   717
680,746995.600,712.000000,   712
681,750259.904,707.000000,   707
682,753533.706,711.000000,   711
683,756817.020,715.000000,   715
684,760109.859,726.000000,   726
685,763412.237,727.000000,   727
686,766724.169,720.000000,   720
687,770045.667,713.000000,   713
688,773376.746,724.000000,   724
689,776717.419,726.000000,   726
690,780067.700,721.000000,   721
691,783427.603,711.000000,   711
692,786797.142,723.000000,   723
693,790176.331,723.000000,   723
694,793565.183,723.000000,   723
695,796963.713,727.000000,   727
696,800371.933,729.000000,   729
697,803789.858,713.000000,   713
698,807217.502,728.000000,   728
699,810654.878,725.000000,   725
700,814102.000,723.000000,   723
701,817558.882,729.000000,   729
702,821025.538,713.000000,   713
703,824501.982,726.000000,   726
704,827988.227,718.000000,   718
705,831484.287,717.000000,   717
706,834990.177,716.000000,   716
707,838505.909,720.000000,   720
708,842031.498,701.000000,   701
709,845566.957,723.000000,   723
710,849112.300,714.000000,   714
711,852667.541,728.000000,   728
712,856232.694,718.000000,   718
713,859807.773,722.000000,   722
714,863392.791,714.000000,   714
715,866987.763,712.000000,   712
716,870592.701,735.000000,   735
717,874207.620,738.000000,   738
718,877832.534,737.000000,   737
719,881467.456,717.000000,   717
720,885112.400,727.000000,   727
721,888767.380,716.000000,   716
722,892432.410,701.000000,   701
723,896107.504,702.000000,   702
724,899792.675,720.000000,   720
725,903487.938,728.000000,   728
726,907193.305,714.000000,   714
727,910908.791,733.000000,   733
728,914634.410,722.000000,   722
729,918370.175,712.000000,   712
730,922116.100,727.000000,   727
731,925872.199,715.000000,   715
732,929638.486,708.000000,   708
733,933414.975,713.000000,   713
734,937201.679,736.000000,   736
735,940998.612,723.000000,   723
736,944805.789,730.000000,   730
737,948623.222,716.000000,   716
738,952450.926,703.000000,   703
739,956288.914,705.000000,   705
740,960137.200,710.000000,   710
741,963995.798,722.000000,   722
742,967864.722,718.000000,   718
743,971743.986,711.000000,   711
744,975633.603,722.000000,   722
745,979533.588,731.000000,   731
746,983443.953,729.000000,   729
747,987364.713,716.000000,   716
748,991295.882,709.000000,   709
749,995237.473,702.000000,   702
750,999189.500,715.000000,   715
751,1003151.977,710.000000,   710
752,1007124.918,719.000000,   719
753,1011108.337,722.000000,   722
754,1015102.247,722.000000,   722
755,1019106.662,716.000000,   716
756,1023121.597,707.000000,   707
757,1027147.064,717.000000,   717
758,1031183.078,722.000000,   722
759,1035229.652,727.000000,   727
760,1039286.800,723.000000,   723
761,1043354.536,714.000000,   714
762,1047432.874,702.000000,   702
763,1051521.828,718.000000,   718
764,1055621.411,706.000000,   706
765,1059731.638,732.000000,   732
766,1063852.521,698.000000,   698
767,1067984.075,709.000000,   709
768,1072126.314,706.000000,   706
769,1076279.251,707.000000,   707
770,1080442.900,715.000000,   715
771,1084617.275,718.000000,   718
772,1088802.390,729.000000,   729
773,1092998.259,703.000000,   703
774,1097204.895,711.000000,   711
775,1101422.313,724.000000,   724
776,1105650.525,698.000000,   698
777,1109889.546,715.000000,   715
778,1114139.390,708.000000,   708
779,1118400.070,717.000000,   717
780,1122671.600,718.000000,   718
781,1126953.994,725.000000,   725
782,1131247.266,717.000000,   717
783,1135551.430,720.000000,   720
784,1139866.499,724.000000,   724
785,1144192.487,727.000000,   727
786,1148529.409,716.000000,   716
787,1152877.277,720.000000,   720
788,1157236.106,707.000000,   707
789,1161605.909,710.000000,   710
790,1165986.700,717.000000,   717
791,1170378.493,715.000000,   715
792,1174781.302,720.000000,   720
793,1179195.141,723.000000,   723
794,1183620.023,717.000000,   717
795,1188055.962,734.000000,   734
796,1192502.973,704.000000,   704
797,1196961.068,726.000000,   726
798,1201430.262,721.000000,   721
799,1205910.568,713.000000,   713
800,1210402.000,723.000000,   723
801,1214904.572,715.000000,   715
802,1219418.298,716.000000,   716
803,1223943.192,710.000000,   710
804,1228479.267,706.000000,   706
805,1233026.538,718.000000,   718
806,1237585.017,716.000000,   716
807,1242154.719,702.000000,   702
808,1246735.658,714.000000,   714
809,1251327.847,712.000000,   712
810,1255931.300,704.000000,   704
811,1260546.031,707.000000,   707
812,1265172.054,694.000000,   694
813,1269809.383,706.000000,   706
814,1274458.031,703.000000,   703
815,1279118.013,710.000000,   710
816,1283789.341,712.000000,   712
817,1288472.030,715.000000,   715
818,1293166.094,729.000000,   729
819,1297871.546,718.000000,   718
820,1302588.400,711.000000,   711
821,1307316.670,722.000000,   722
822,1312056.370,714.000000,   714
823,1316807.514,705.000000,   705
824,1321570.115,715.000000,   715
825,1326344.188,712.000000,   712
826,1331129.745,706.000000,   706
827,1335926.801,720.000000,   720
828,1340735.370,706.000000,   706
829,1345555.465,706.000000,   706
830,1350387.100,724.000000,   724
831,1355230.289,707.000000,   707
832,1360085.046,719.000000,   719
833,1364951.385,713.000000,   713
834,1369829.319,710.000000,   710
835,1374718.862,696.000000,   696
836,1379620.029,702.000000,   702
837,1384532.832,707.000000,   707
838,1389457.286,710.000000,   710
839,1394393.404,726.000000,   726
840,1399341.200,721.000000,   721
841,1404300.688,699.000000,   699
842,1409271.882,704.000000,   704
843,1414254.796,702.000000,   702
844,1419249.443,700.000000,   700
845,1424255.837,709.000000,   709
846,1429273.993,694.000000,   694
847,1434303.923,720.000000,   720
848,1439345.642,698.000000,   698
849,1444399.163,721.000000,   721
850,1449464.500,711.000000,   711
851,1454541.667,705.000000,   705
852,1459630.678,709.000000,   709
853,1464731.547,702.000000,   702
854,1469844.287,715.000000,   715
855,1474968.912,708.000000,   708
856,1480105.437,698.000000,   698
857,1485253.874,701.000000,   701
858,1490414.238,705.000000,   705
859,1495586.542,716.000000,   716
860,1500770.800,713.000000,   713
861,1505967.026,708.000000,   708
862,1511175.234,719.000000,   719
863,1516395.438,711.000000,   711
864,1521627.651,707.000000,   707
865,1526871.888,698.000000,   698
866,1532128.161,693.000000,   693
867,1537396.485,719.000000,   719
868,1542676.874,716.000000,   716
869,1547969.341,706.000000,   706
870,1553273.900,703.000000,   703
871,1558590.565,704.000000,   704
872,1563919.350,711.000000,   711
873,1569260.269,700.000000,   700
874,1574613.335,708.000000,   708
875,1579978.563,706.000000,   706
876,1585355.965,709.000000,   709
877,1590745.556,708.000000,   708
878,1596147.350,701.000000,   701
879,1601561.360,715.000000,   715
880,1606987.600,709.000000,   709
881,1612426.084,709.000000,   709
882,1617876.826,715.000000,   715
883,1623339.840,700.000000,   700
884,1628815.139,703.000000,   703
885,1634302.737,699.000000,   699
886,1639802.649,700.000000,   700
887,1645314.887,703.000000,   703
888,1650839.466,716.000000,   716
889,1656376.399,706.000000,   706
890,1661925.700,708.000000,   708
891,1667487.383,698.000000,   698
892,1673061.462,706.000000,   706
893,1678647.951,712.000000,   712
894,1684246.863,706.000000,   706
895,1689858.213,716.000000,   716
896,1695482.013,705.000000,   705
897,1701118.278,712.000000,   712
898,1706767.022,714.000000,   714
899,1712428.258,711.000000,   711
900,1718102.000,705.000000,   705
901,1723788.262,706.000000,   706
902,1729487.058,692.000000,   692
903,1735198.402,699.000000,   699
904,1740922.307,704.000000,   704
905,1746658.788,700.000000,   700
906,1752407.857,712.000000,   712
907,1758169.529,717.000000,   717
908,1763943.818,713.000000,   713
909,1769730.737,704.000000,   704
910,1775530.300,708.000000,   708
911,1781342.521,708.000000,   708
912,1787167.414,702.000000,   702
913,1793004.993,714.000000,   714
914,1798855.271,699.000000,   699
915,1804718.263,708.000000,   708
916,1810593.981,714.000000,   714
917,1816482.440,704.000000,   704
918,1822383.654,700.000000,   700
919,1828297.636,708.000000,   708
920,1834224.400,722.000000,   722
921,1840163.960,711.000000,   711
922,1846116.330,697.000000,   697
923,1852081.524,693.000000,   693
924,1858059.555,715.000000,   715
925,1864050.438,716.000000,   716
926,1870054.185,701.000000,   701
927,1876070.811,697.000000,   697
928,1882100.330,706.000000,   706
929,1888142.755,703.000000,   703
930,1894198.100,694.000000,   694
931,1900266.379,704.000000,   704
932,1906347.606,703.000000,   703
933,1912441.795,706.000000,   706
934,1918548.959,712.000000,   712
935,1924669.113,700.000000,   700
936,1930802.269,699.000000,   699
937,1936948.442,707.000000,   707
938,1943107.646,708.000000,   708
939,1949279.894,716.000000,   716
940,1955465.200,728.000000,   728
941,1961663.578,709.000000,   709
942,1967875.042,710.000000,   710
943,1974099.606,704.000000,   704
944,1980337.283,715.000000,   715
945,1986588.087,700.000000,   700
946,1992852.033,698.000000,   698
947,1999129.133,697.000000,   697
948,2005419.402,709.000000,   709
949,2011722.853,695.000000,   695
950,2018039.500,706.000000,   706
951,2024369.357,716.000000,   716
952,2030712.438,704.000000,   704
953,2037068.757,711.000000,   711
954,2043438.327,718.000000,   718
955,2049821.162,703.000000,   703
956,2056217.277,709.000000,   709
957,2062626.684,707.000000,   707
958,2069049.398,707.000000,   707
959,2075485.432,703.000000,   703
960,2081934.800,702.000000,   702
961,2088397.516,714.000000,   714
962,2094873.594,714.000000,   714
963,2101363.048,706.000000,   706
964,2107865.891,708.000000,   708
965,2114382.138,715.000000,   715
966,2120911.801,710.000000,   710
967,2127454.895,705.000000,   705
968,2134011.434,696.000000,   696
969,2140581.431,715.000000,   715
970,2147164.900,707.000000,   707
971,2153761.855,705.000000,   705
972,2160372.310,704.000000,   704
973,2166996.279,706.000000,   706
974,2173633.775,699.000000,   699
975,2180284.813,697.000000,   697
976,2186949.405,703.000000,   703
977,2193627.566,714.000000,   714
978,2200319.310,698.000000,   698
979,2207024.650,698.000000,   698
980,2213743.600,700.000000,   700
981,2220476.174,695.000000,   695
982,2227222.386,698.000000,   698
983,2233982.250,694.000000,   694
984,2240755.779,704.000000,   704
985,2247542.987,715.000000,   715
986,2254343.889,704.000000,   704
987,2261158.497,699.000000,   699
988,2267986.826,719.000000,   719
989,2274828.889,698.000000,   698
990,2281684.700,695.000000,   695
991,2288554.273,702.000000,   702
992,2295437.622,707.000000,   707
993,2302334.761,714.000000,   714
994,2309245.703,687.000000,   687
995,2316170.462,688.000000,   688
996,2323109.053,720.000000,   720
997,2330061.488,707.000000,   707
998,2337027.782,699.000000,   699
999,2344007.948,692.000000,   692
1000,2351002.000,691.000000,   691
1001,2358009.952,701.000000,   701
1002,2365031.818,688.000000,   688
1003,2372067.612,694.000000,   694
1004,2379117.347,702.000000,   702
1005,2386181.038,701.000000,   701
1006,2393258.697,701.000000,   701
1007,2400350.339,685.000000,   685
1008,2407455.978,681.000000,   681
1009,2414575.627,700.000000,   700
1010,2421709.300,698.000000,   698
1011,2428857.011,693.000000,   693
1012,2436018.774,697.000000,   697
1013,2443194.603,698.000000,   698
1014,2450384.511,706.000000,   706
1015,2457588.512,704.000000,   704
1016,2464806.621,710.000000,   710
1017,2472038.850,692.000000,   692
1018,2479285.214,688.000000,   688
1019,2486545.726,694.000000,   694
1020,2493820.400,695.000000,   695
1021,2501109.250,699.000000,   699
1022,2508412.290,700.000000,   700
1023,2515729.534,702.000000,   702
1024,2523060.995,712.000000,   712
1025,2530406.688,700.000000,   700
1026,2537766.625,705.000000,   705
1027,2545140.821,687.000000,   687
1028,2552529.290,701.000000,   701
1029,2559932.045,689.000000,   689
1030,2567349.100,690.000000,   690
1031,2574780.469,692.000000,   692
1032,2582226.166,700.000000,   700
1033,2589686.205,699.000000,   699
1034,2597160.599,698.000000,   698
1035,2604649.363,696.000000,   696
1036,2612152.509,694.000000,   694
1037,2619670.052,697.000000,   697
1038,2627202.006,715.000000,   715
1039,2634748.384,698.000000,   698
1040,2642309.200,695.000000,   695
1041,2649884.468,696.000000,   696
1042,2657474.202,702.000000,   702
1043,2665078.416,711.000000,   711
1044,2672697.123,695.000000,   695
1045,2680330.337,700.000000,   700
1046,2687978.073,702.000000,   702
1047,2695640.343,698.000000,   698
1048,2703317.162,699.000000,   699
1049,2711008.543,687.000000,   687
1050,2718714.500,697.000000,   697
1051,2726435.047,689.000000,   689
1052,2734170.198,701.000000,   701
1053,2741919.967,699.000000,   699
1054,2749684.367,713.000000,   713
1055,2757463.413,697.000000,   697
1056,2765257.117,690.000000,   690
1057,2773065.494,696.000000,   696
1058,2780888.558,696.000000,   696
1059,2788726.322,689.000000,   689
1060,2796578.800,693.000000,   693
1061,2804446.006,699.000000,   699
1062,2812327.954,707.000000,   707
1063,2820224.658,709.000000,   709
1064,2828136.131,711.000000,   711
1065,2836062.388,694.000000,   694
1066,2844003.441,698.000000,   698
1067,2851959.305,681.000000,   681
1068,2859929.994,704.000000,   704
1069,2867915.521,678.000000,   678
1070,2875915.900,697.000000,   697
1071,2883931.145,694.000000,   694
1072,2891961.270,682.000000,   682
1073,2900006.289,701.000000,   701
1074,2908066.215,684.000000,   684
1075,2916141.063,676.000000,   676
1076,2924230.845,691.000000,   691
1077,2932335.576,686.000000,   686
1078,2940455.270,684.000000,   684
1079,2948589.940,701.000000,   701
1080,2956739.600,699.000000,   699
1081,2964904.264,683.000000,   683
1082,2973083.946,687.000000,   687
1083,2981278.660,697.000000,   697
1084,2989488.419,687.000000,   687
1085,2997713.237,680.000000,   680
1086,3005953.129,685.000000,   685
1087,3014208.107,698.000000,   698
1088,3022478.186,681.000000,   681
1089,3030763.379,688.000000,   688
1090,3039063.700,691.000000,   691
1091,3047379.163,696.000000,   696
1092,3055709.782,681.000000,   681
1093,3064055.571,699.000000,   699
1094,3072416.543,686.000000,   686
1095,3080792.713,689.000000,   689
1096,3089184.093,673.000000,   673
1097,3097590.698,691.000000,   691
1098,3106012.542,687.000000,   687
1099,3114449.638,695.000000,   695
1100,3122902.000,699.000000,   699
1101,3131369.642,683.000000,   683
1102,3139852.578,680.000000,   680
1103,3148350.822,695.000000,   695
1104,3156864.387,687.000000,   687
1105,3165393.288,690.000000,   690
1106,3173937.537,693.000000,   693
1107,3182497.149,691.000000,   691
1108,3191072.138,675.000000,   675
1109,3199662.517,682.000000,   682
1110,3208268.300,676.000000,   676
1111,3216889.501,695.000000,   695
1112,3225526.134,672.000000,   672
1113,3234178.213,688.000000,   688
1114,3242845.751,695.000000,   695
1115,3251528.762,690.000000,   690
1116,3260227.261,699.000000,   699
1117,3268941.260,680.000000,   680
1118,3277670.774,671.000000,   671
1119,3286415.816,682.000000,   682
1120,3295176.400,679.000000,   679
1121,3303952.540,681.000000,   681
1122,3312744.250,684.000000,   684
1123,3321551.544,677.000000,   677
1124,3330374.435,680.000000,   680
1125,3339212.938,700.000000,   700
1126,3348067.065,673.000000,   673
1127,3356936.831,687.000000,   687
1128,3365822.250,687.000000,   687
1129,3374723.335,693.000000,   693
1130,3383640.100,692.000000,   692
1131,3392572.559,690.000000,   690
1132,3401520.726,695.000000,   695
1133,3410484.615,703.000000,   703
1134,3419464.239,681.000000,   681
1135,3428459.612,680.000000,   680
1136,3437470.749,677.000000,   677
1137,3446497.662,686.000000,   686
1138,3455540.366,687.000000,   687
1139,3464598.874,683.000000,   683
1140,3473673.200,696.000000,   696
1141,3482763.358,690.000000,   690
1142,3491869.362,686.000000,   686
1143,3500991.226,691.000000,   691
1144,3510128.963,693.000000,   693
1145,3519282.587,692.000000,   692
1146,3528452.113,683.000000,   683
1147,3537637.553,685.000000,   685
1148,3546838.922,679.000000,   679
1149,3556056.233,680.000000,   680
1150,3565289.500,680.000000,   680
1151,3574538.737,683.000000,   683
1152,3583803.958,696.000000,   696
1153,3593085.177,698.000000,   698
1154,3602382.407,676.000000,   676
1155,3611695.662,692.000000,   692
1156,3621024.957,682.000000,   682
1157,3630370.304,682.000000,   682
1158,3639731.718,677.000000,   677
1159,3649109.212,698.000000,   698
1160,3658502.800,687.000000,   687
1161,3667912.496,687.000000,   687
1162,3677338.314,682.000000,   682
1163,3686780.268,676.000000,   676
1164,3696238.371,690.000000,   690
1165,3705712.637,681.000000,   681
1166,3715203.081,669.000000,   669
1167,3724709.715,682.000000,   682
1168,3734232.554,687.000000,   687
1169,3743771.611,684.000000,   684
1170,3753326.900,678.000000,   678
1171,3762898.435,682.000000,   682
1172,3772486.230,685.000000,   685
1173,3782090.299,685.000000,   685
1174,3791710.655,679.000000,   679
1175,3801347.313,673.000000,   673
1176,3811000.285,673.000000,   673
1177,3820669.586,681.000000,   681
1178,3830355.230,687.000000,   687
1179,3840057.230,678.000000,   678
1180,3849775.600,677.000000,   677
1181,3859510.354,678.000000,   678
1182,3869261.506,666.000000,   666
1183,3879029.070,675.000000,   675
1184,3888813.059,675.000000,   675
1185,3898613.487,668.000000,   668
1186,3908430.369,679.000000,   679
1187,3918263.717,696.000000,   696
1188,3928113.546,683.000000,   683
1189,3937979.869,686.000000,   686
1190,3947862.700,684.000000,   684
1191,3957762.053,672.000000,   672
1192,3967677.942,672.000000,   672
1193,3977610.381,680.000000,   680
1194,3987559.383,661.000000,   661
1195,3997524.962,669.000000,   669
1196,4007507.133,682.000000,   682
1197,4017505.908,670.000000,   670
1198,4027521.302,672.000000,   672
1199,4037553.328,680.000000,   680
1200,4047602.000,692.000000,   692
1201,4057667.332,665.000000,   665
1202,4067749.338,686.000000,   686
1203,4077848.032,685.000000,   685
1204,4087963.427,668.000000,   668
1205,4098095.538,664.000000,   664
1206,4108244.377,667.000000,   667
1207,4118409.959,685.000000,   685
1208,4128592.298,681.000000,   681
1209,4138791.407,668.000000,   668
1210,4149007.300,681.000000,   681
1211,4159239.991,671.000000,   671
1212,4169489.494,673.000000,   673
1213,4179755.823,675.000000,   675
1214,4190038.991,676.000000,   676
1215,4200339.012,696.000000,   696
1216,4210655.901,681.000000,   681
1217,4220989.670,677.000000,   677
1218,4231340.334,693.000000,   693
1219,4241707.906,680.000000,   680
1220,4252092.400,669.000000,   669
1221,4262493.830,661.000000,   661
1222,4272912.210,666.000000,   666
1223,4283347.554,676.000000,   676
1224,4293799.875,669.000000,   669
1225,4304269.188,672.000000,   672
1226,4314755.505,671.000000,   671
1227,4325258.841,680.000000,   680
1228,4335779.210,672.000000,   672
1229,4346316.625,666.000000,   666
1230,4356871.100,673.000000,   673
1231,4367442.649,675.000000,   675
1232,4378031.286,666.000000,   666
1233,4388637.025,662.000000,   662
1234,4399259.879,661.000000,   661
1235,4409899.862,671.000000,   671
1236,4420556.989,665.000000,   665
1237,4431231.272,671.000000,   671
1238,4441922.726,659.000000,   659
1239,4452631.364,673.000000,   673
1240,4463357.200,673.000000,   673
1241,4474100.248,672.000000,   672
1242,4484860.522,669.000000,   669
1243,4495638.036,675.000000,   675
1244,4506432.803,672.000000,   672
1245,4517244.838,686.000000,   686
1246,4528074.153,677.000000,   677
1247,4538920.763,667.000000,   667
1248,4549784.682,659.000000,   659
1249,4560665.923,665.000000,   665
1250,4571564.500,677.000000,   677
1251,4582480.427,662.000000,   662
1252,4593413.718,665.000000,   665
1253,4604364.387,679.000000,   679
1254,4615332.447,668.000000,   668
1255,4626317.912,668.000000,   668
1256,4637320.797,666.000000,   666
1257,4648341.114,657.000000,   657
1258,4659378.878,661.000000,   661
1259,4670434.102,671.000000,   671
1260,4681506.800,677.000000,   677
1261,4692596.986,671.000000,   671
1262,4703704.674,668.000000,   668
1263,4714829.878,680.000000,   680
1264,4725972.611,675.000000,   675
1265,4737132.888,664.000000,   664
1266,4748310.721,663.000000,   663
1267,4759506.125,657.000000,   657
1268,4770719.114,659.000000,   659
1269,4781949.701,665.000000,   665
1270,4793197.900,656.000000,   656
1271,4804463.725,688.000000,   688
1272,4815747.190,665.000000,   665
1273,4827048.309,670.000000,   670
1274,4838367.095,662.000000,   662
1275,4849703.563,676.000000,   676
1276,4861057.725,674.000000,   674
1277,4872429.596,654.000000,   654
1278,4883819.190,653.000000,   653
1279,4895226.520,665.000000,   665
1280,4906651.600,676.000000,   676
1281,4918094.444,669.000000,   669
1282,4929555.066,668.000000,   668
1283,4941033.480,664.000000,   664
1284,4952529.699,648.000000,   648
1285,4964043.737,660.000000,   660
1286,4975575.609,652.000000,   652
1287,4987125.327,659.000000,   659
1288,4998692.906,671.000000,   671
1289,5010278.359,643.000000,   643
1290,5021881.700,665.000000,   665
1291,5033502.943,671.000000,   671
1292,5045142.102,664.000000,   664
1293,5056799.191,658.000000,   658
1294,5068474.223,671.000000,   671
1295,5080167.212,657.000000,   657
1296,5091878.173,672.000000,   672
1297,5103607.118,653.000000,   653
1298,5115354.062,664.000000,   664
1299,5127119.018,656.000000,   656
1300,5138902.000,661.000000,   661
1301,5150703.022,656.000000,   656
1302,5162522.098,661.000000,   661
1303,5174359.242,655.000000,   655
1304,5186214.467,646.000000,   646
1305,5198087.787,661.000000,   661
1306,5209979.217,660.000000,   660
1307,5221888.769,655.000000,   655
1308,5233816.458,655.000000,   655
1309,5245762.297,653.000000,   653
1310,5257726.300,647.000000,   647
1311,5269708.481,648.000000,   648
1312,5281708.854,661.000000,   661
1313,5293727.433,655.000000,   655
1314,5305764.231,649.000000,   649
1315,5317819.262,659.000000,   659
1316,5329892.541,669.000000,   669
1317,5341984.080,666.000000,   666
1318,5354093.894,659.000000,   659
1319,5366221.996,653.000000,   653
1320,5378368.400,643.000000,   643
1321,5390533.120,651.000000,   651
1322,5402716.170,632.000000,   632
1323,5414917.564,648.000000,   648
1324,5427137.315,673.000000,   673
1325,5439375.438,648.000000,   648
1326,5451631.945,647.000000,   647
1327,5463906.851,648.000000,   648
1328,5476200.170,648.000000,   648
1329,5488511.915,657.000000,   657
1330,5500842.100,644.000000,   644
1331,5513190.739,646.000000,   646
1332,5525557.846,653.000000,   653
1333,5537943.435,650.000000,   650
1334,5550347.519,645.000000,   645
1335,5562770.113,641.000000,   641
1336,5575211.229,657.000000,   657
1337,5587670.882,640.000000,   640
1338,5600149.086,644.000000,   644
1339,5612645.854,657.000000,   657
1340,5625161.200,658.000000,   658
1341,5637695.138,655.000000,   655
1342,5650247.682,633.000000,   633
1343,5662818.846,637.000000,   637
1344,5675408.643,633.000000,   633
1345,5688017.088,645.000000,   645
1346,5700644.193,653.000000,   653
1347,5713289.973,652.000000,   652
1348,5725954.442,655.000000,   655
1349,5738637.613,655.000000,   655
1350,5751339.500,657.000000,   657
1351,5764060.117,657.000000,   657
1352,5776799.478,643.000000,   643
1353,5789557.597,659.000000,   659
1354,5802334.487,655.000000,   655
1355,5815130.163,658.000000,   658
1356,5827944.637,653.000000,   653
1357,5840777.924,645.000000,   645
1358,5853630.038,642.000000,   642
1359,5866500.992,653.000000,   653
1360,5879390.800,640.000000,   640
1361,5892299.476,639.000000,   639
1362,5905227.034,636.000000,   636
1363,5918173.488,639.000000,   639
1364,5931138.851,637.000000,   637
1365,5944123.137,652.000000,   652
1366,5957126.361,634.000000,   634
1367,5970148.535,633.000000,   633
1368,5983189.674,629.000000,   629
1369,5996249.791,643.000000,   643
1370,6009328.900,634.000000,   634
1371,6022427.015,629.000000,   629
1372,6035544.150,643.000000,   643
1373,6048680.319,643.000000,   643
1374,6061835.535,626.000000,   626
1375,6075009.813,639.000000,   639
1376,6088203.165,632.000000,   632
1377,6101415.606,644.000000,   644
1378,6114647.150,637.000000,   637
1379,6127897.810,645.000000,   645
1380,6141167.600,633.000000,   633
1381,6154456.534,635.000000,   635
1382,6167764.626,638.000000,   638
1383,6181091.890,643.000000,   643
1384,6194438.339,636.000000,   636
1385,6207803.987,635.000000,   635
1386,6221188.849,622.000000,   622
1387,6234592.937,642.000000,   642
1388,6248016.266,642.000000,   642
1389,6261458.849,627.000000,   627
1390,6274920.700,623.000000,   623
1391,6288401.833,629.000000,   629
1392,6301902.262,624.000000,   624
1393,6315422.001,627.000000,   627
1394,6328961.063,633.000000,   633
1395,6342519.463,637.000000,   637
1396,6356097.213,637.000000,   637
1397,6369694.328,645.000000,   645
1398,6383310.822,634.000000,   634
1399,6396946.708,639.000000,   639
1400,6410602.000,632.000000,   632
1401,6424276.712,638.000000,   638
1402,6437970.858,631.000000,   631
1403,6451684.452,628.000000,   628
1404,6465417.507,633.000000,   633
1405,6479170.037,617.000000,   617
1406,6492942.057,615.000000,   615
1407,6506733.579,637.000000,   637
1408,6520544.618,627.000000,   627
1409,6534375.187,625.000000,   625
1410,6548225.300,631.000000,   631
1411,6562094.971,623.000000,   623
1412,6575984.214,636.000000,   636
1413,6589893.043,621.000000,   621
1414,6603821.471,619.000000,   619
1415,6617769.512,626.000000,   626
1416,6631737.181,628.000000,   628
1417,6645724.490,610.000000,   610
1418,6659731.454,612.000000,   612
1419,6673758.086,616.000000,   616
1420,6687804.400,618.000000,   618
1421,6701870.410,615.000000,   615
1422,6715956.130,621.000000,   621
1423,6730061.574,623.000000,   623
1424,6744186.755,611.000000,   611
1425,6758331.688,611.000000,   611
1426,6772496.385,620.000000,   620
1427,6786680.861,618.000000,   618
1428,6800885.130,616.000000,   616
1429,6815109.205,617.000000,   617
1430,6829353.100,620.000000,   620
1431,6843616.829,629.000000,   629
1432,6857900.406,626.000000,   626
1433,6872203.845,620.000000,   620
1434,6886527.159,614.000000,   614
1435,6900870.362,622.000000,   622
1436,6915233.469,626.000000,   626
1437,6929616.492,612.000000,   612
1438,6944019.446,629.000000,   629
1439,6958442.344,611.000000,   611
1440,6972885.200,618.000000,   618
1441,6987348.028,628.000000,   628
1442,7001830.842,602.000000,   602
1443,7016333.656,608.000000,   608
1444,7030856.483,607.000000,   607
1445,7045399.338,618.000000,   618
1446,7059962.233,620.000000,   620
1447,7074545.183,615.000000,   615
1448,7089148.202,615.000000,   615
1449,7103771.303,621.000000,   621
1450,7118414.500,594.000000,   594
1451,7133077.807,605.000000,   605
1452,7147761.238,600.000000,   600
1453,7162464.807,603.000000,   603
1454,7177188.527,607.000000,   607
1455,7191932.412,614.000000,   614
1456,7206696.477,603.000000,   603
1457,7221480.734,604.000000,   604
1458,7236285.198,611.000000,   611
1459,7251109.882,603.000000,   603
1460,7265954.800,612.000000,   612
1461,7280819.966,600.000000,   600
1462,7295705.394,599.000000,   599
1463,7310611.098,607.000000,   607
1464,7325537.091,599.000000,   599
1465,7340483.388,605.000000,   605
1466,7355450.001,604.000000,   604
1467,7370436.945,617.000000,   617
1468,7385444.234,601.000000,   601
1469,7400471.881,626.000000,   626
1470,7415519.900,600.000000,   600
1471,7430588.305,587.000000,   587
1472,7445677.110,601.000000,   601
1473,7460786.329,592.000000,   592
1474,7475915.975,594.000000,   594
1475,7491066.063,603.000000,   603
1476,7506236.605,615.000000,   615
1477,7521427.616,617.000000,   617
1478,7536639.110,596.000000,   596
1479,7551871.100,588.000000,   588
1480,7567123.600,595.000000,   595
1481,7582396.624,594.000000,   594
1482,7597690.186,590.000000,   590
1483,7613004.300,592.000000,   592
1484,7628338.979,600.000000,   600
1485,7643694.237,608.000000,   608
1486,7659070.089,599.000000,   599
1487,7674466.547,603.000000,   603
1488,7689883.626,586.000000,   586
1489,7705321.339,591.000000,   591
1490,7720779.700,600.000000,   600
1491,7736258.723,608.000000,   608
1492,7751758.422,594.000000,   594
1493,7767278.811,588.000000,   588
1494,7782819.903,603.000000,   603
1495,7798381.712,601.000000,   601
1496,7813964.253,597.000000,   597
1497,7829567.538,600.000000,   600
1498,7845191.582,585.000000,   585
1499,7860836.398,589.000000,   589
1500,7876502.000,585.000000,   585
1501,7892188.402,611.000000,   611
1502,7907895.618,596.000000,   596
1503,7923623.662,576.000000,   576
1504,7939372.547,600.000000,   600
1505,7955142.287,598.000000,   598
1506,7970932.897,591.000000,   591
1507,7986744.389,580.000000,   580
1508,8002576.778,599.000000,   599
1509,8018430.077,588.000000,   588
1510,8034304.300,594.000000,   594
1511,8050199.461,577.000000,   577
1512,8066115.574,588.000000,   588
1513,8082052.653,586.000000,   586
1514,8098010.711,588.000000,   588
1515,8113989.763,600.000000,   600
1516,8129989.821,591.000000,   591
1517,8146010.900,591.000000,   591
1518,8162053.014,587.000000,   587
1519,8178116.176,583.000000,   583
1520,8194200.400,583.000000,   583
1521,8210305.700,603.000000,   603
1522,8226432.090,578.000000,   578
1523,8242579.584,591.000000,   591
1524,8258748.195,576.000000,   576
1525,8274937.938,582.000000,   582
1526,8291148.825,583.000000,   583
1527,8307380.871,582.000000,   582
1528,8323634.090,583.000000,   583
1529,8339908.495,579.000000,   579
1530,8356204.100,580.000000,   580
1531,8372520.919,582.000000,   582
1532,8388858.966,573.000000,   573
1533,8405218.255,584.000000,   584
1534,8421598.799,584.000000,   584
1535,8438000.613,591.000000,   591
1536,8454423.709,585.000000,   585
1537,8470868.102,577.000000,   577
1538,8487333.806,577.000000,   577
1539,8503820.834,590.000000,   590
1540,8520329.200,575.000000,   575
1541,8536858.918,576.000000,   576
1542,8553410.002,571.000000,   571
1543,8569982.466,575.000000,   575
1544,8586576.323,578.000000,   578
1545,8603191.588,581.000000,   581
1546,8619828.273,579.000000,   579
1547,8636486.393,572.000000,   572
1548,8653165.962,591.000000,   591
1549,8669866.993,587.000000,   587
1550,8686589.500,572.000000,   572
1551,8703333.497,577.000000,   577
1552,8720098.998,566.000000,   566
1553,8736886.017,564.000000,   564
1554,8753694.567,575.000000,   575
1555,8770524.662,568.000000,   568
1556,8787376.317,586.000000,   586
1557,8804249.544,589.000000,   589
1558,8821144.358,574.000000,   574
1559,8838060.772,577.000000,   577
1560,8854998.800,572.000000,   572
1561,8871958.456,566.000000,   566
1562,8888939.754,566.000000,   566
1563,8905942.708,580.000000,   580
1564,8922967.331,569.000000,   569
1565,8940013.637,562.000000,   562
1566,8957081.641,577.000000,   577
1567,8974171.355,569.000000,   569
1568,8991282.794,562.000000,   562
1569,9008415.971,565.000000,   565
1570,9025570.900,560.000000,   560
1571,9042747.595,581.000000,   581
1572,9059946.070,561.000000,   561
1573,9077166.339,561.000000,   561
1574,9094408.415,560.000000,   560
1575,9111672.313,551.000000,   551
1576,9128958.045,560.000000,   560
1577,9146265.626,559.000000,   559
1578,9163595.070,555.000000,   555
1579,9180946.390,563.000000,   563
1580,9198319.600,566.000000,   566
1581,9215714.714,561.000000,   561
1582,9233131.746,555.000000,   555
1583,9250570.710,553.000000,   553
1584,9268031.619,553.000000,   553
1585,9285514.487,563.000000,   563
1586,9303019.329,568.000000,   568
1587,9320546.157,559.000000,   559
1588,9338094.986,565.000000,   565
1589,9355665.829,565.000000,   565
1590,9373258.700,550.000000,   550
1591,9390873.613,559.000000,   559
1592,9408510.582,548.000000,   548
1593,9426169.621,551.000000,   551
1594,9443850.743,550.000000,   550
1595,9461553.963,559.000000,   559
1596,9479279.293,562.000000,   562
1597,9497026.748,552.000000,   552
1598,9514796.342,555.000000,   555
1599,9532588.088,567.000000,   567
1600,9550402.000,566.000000,   566
1601,9568238.092,568.000000,   568
1602,9586096.378,557.000000,   557
1603,9603976.872,559.000000,   559
1604,9621879.587,560.000000,   560
1605,9639804.537,559.000000,   559
1606,9657751.737,555.000000,   555
1607,9675721.199,558.000000,   558
1608,9693712.938,547.000000,   547
1609,9711726.967,560.000000,   560
1610,9729763.300,551.000000,   551
1611,9747821.951,559.000000,   559
1612,9765902.934,554.000000,   554
1613,9784006.263,547.000000,   547
1614,9802131.951,543.000000,   543
1615,9820280.013,562.000000,   562
1616,9838450.461,553.000000,   553
1617,9856643.310,548.000000,   548
1618,9874858.574,543.000000,   543
1619,9893096.266,549.000000,   549
1620,9911356.400,545.000000,   545
1621,9929638.990,549.000000,   549
1622,9947944.050,559.000000,   559
1623,9966271.594,549.000000,   549
1624,9984621.635,542.000000,   542
1625,10002994.188,549.000000,   549
1626,10021389.265,552.000000,   552
1627,10039806.881,548.000000,   548
1628,10058247.050,549.000000,   549
1629,10076709.785,553.000000,   553
1630,10095195.100,550.000000,   550
1631,10113703.009,561.000000,   561
1632,10132233.526,540.000000,   540
1633,10150786.665,547.000000,   547
1634,10169362.439,558.000000,   558
1635,10187960.862,558.000000,   558
1636,10206581.949,560.000000,   560
1637,10225225.712,560.000000,   560
1638,10243892.166,566.000000,   566
1639,10262581.324,539.000000,   539
1640,10281293.200,543.000000,   543
1641,10300027.808,549.000000,   549
1642,10318785.162,544.000000,   544
1643,10337565.276,548.000000,   548
1644,10356368.163,550.000000,   550
1645,10375193.838,544.000000,   544
1646,10394042.313,550.000000,   550
1647,10412913.603,553.000000,   553
1648,10431807.722,545.000000,   545
1649,10450724.683,552.000000,   552
1650,10469664.500,546.000000,   546
1651,10488627.187,547.000000,   547
1652,10507612.758,537.000000,   537
1653,10526621.227,551.000000,   551
1654,10545652.607,550.000000,   550
1655,10564706.913,543.000000,   543
1656,10583784.157,544.000000,   544
1657,10602884.354,547.000000,   547
1658,10622007.518,544.000000,   544
1659,10641153.662,535.000000,   535
1660,10660322.800,539.000000,   539
1661,10679514.946,533.000000,   533
1662,10698730.114,559.000000,   559
1663,10717968.318,544.000000,   544
1664,10737229.571,528.000000,   528
1665,10756513.888,541.000000,   541
1666,10775821.281,545.000000,   545
1667,10795151.765,549.000000,   549
1668,10814505.354,540.000000,   540
1669,10833882.061,539.000000,   539
1670,10853281.900,536.000000,   536
1671,10872704.885,529.000000,   529
1672,10892151.030,536.000000,   536
1673,10911620.349,535.000000,   535
1674,10931112.855,543.000000,   543
1675,10950628.563,540.000000,   540
1676,10970167.485,539.000000,   539
1677,10989729.636,541.000000,   541
1678,11009315.030,536.000000,   536
1679,11028923.680,535.000000,   535
1680,11048555.600,553.000000,   553
1681,11068210.804,545.000000,   545
1682,11087889.306,542.000000,   542
1683,11107591.120,556.000000,   556
1684,11127316.259,547.000000,   547
1685,11147064.737,546.000000,   546
1686,11166836.569,543.000000,   543
1687,11186631.767,541.000000,   541
1688,11206450.346,537.000000,   537
1689,11226292.319,544.000000,   544
1690,11246157.700,538.000000,   538
1691,11266046.503,537.000000,   537
1692,11285958.742,540.000000,   540
1693,11305894.431,538.000000,   538
1694,11325853.583,534.000000,   534
1695,11345836.212,540.000000,   540
1696,11365842.333,516.000000,   516
1697,11385871.958,537.000000,   537
1698,11405925.102,536.000000,   536
1699,11426001.778,526.000000,   526
1700,11446102.000,528.000000,   528
1701,11466225.782,536.000000,   536
1702,11486373.138,529.000000,   529
1703,11506544.082,539.000000,   539
1704,11526738.627,541.000000,   541
1705,11546956.788,540.000000,   540
1706,11567198.577,514.000000,   514
1707,11587464.009,525.000000,   525
1708,11607753.098,531.000000,   531
1709,11628065.857,531.000000,   531
1710,11648402.300,518.000000,   518
1711,11668762.441,530.000000,   530
1712,11689146.294,531.000000,   531
1713,11709553.873,542.000000,   542
1714,11729985.191,541.000000,   541
1715,11750440.263,528.000000,   528
1716,11770919.101,540.000000,   540
1717,11791421.720,525.000000,   525
1718,11811948.134,539.000000,   539
1719,11832498.356,520.000000,   520
1720,11853072.400,536.000000,   536
1721,11873670.280,532.000000,   532
1722,11894292.010,528.000000,   528
1723,11914937.604,528.000000,   528
1724,11935607.075,531.000000,   531
1725,11956300.438,515.000000,   515
1726,11977017.705,526.000000,   526
1727,11997758.891,533.000000,   533
1728,12018524.010,521.000000,   521
1729,12039313.075,530.000000,   530
1730,12060126.100,532.000000,   532
1731,12080963.099,529.000000,   529
1732,12101824.086,524.000000,   524
1733,12122709.075,528.000000,   528
1734,12143618.079,511.000000,   511
1735,12164551.113,518.000000,   518
1736,12185508.189,529.000000,   529
1737,12206489.322,526.000000,   526
1738,12227494.526,526.000000,   526
1739,12248523.814,520.000000,   520
1740,12269577.200,524.000000,   524
1741,12290654.698,528.000000,   528
1742,12311756.322,522.000000,   522
1743,12332882.086,518.000000,   518
1744,12354032.003,536.000000,   536
1745,12375206.087,520.000000,   520
1746,12396404.353,518.000000,   518
1747,12417626.813,523.000000,   523
1748,12438873.482,527.000000,   527
1749,12460144.373,543.000000,   543
1750,12481439.500,529.000000,   529
1751,12502758.877,534.000000,   534
1752,12524102.518,521.000000,   521
1753,12545470.437,527.000000,   527
1754,12566862.647,523.000000,   523
1755,12588279.163,533.000000,   533
1756,12609719.997,521.000000,   521
1757,12631185.164,514.000000,   514
1758,12652674.678,528.000000,   528
1759,12674188.552,523.000000,   523
1760,12695726.800,533.000000,   533
1761,12717289.436,520.000000,   520
1762,12738876.474,524.000000,   524
1763,12760487.928,519.000000,   519
1764,12782123.811,531.000000,   531
1765,12803784.137,531.000000,   531
1766,12825468.921,524.000000,   524
1767,12847178.175,524.000000,   524
1768,12868911.914,526.000000,   526
1769,12890670.151,520.000000,   520
1770,12912452.900,517.000000,   517
1771,12934260.175,523.000000,   523
1772,12956091.990,527.000000,   527
1773,12977948.359,524.000000,   524
1774,12999829.295,528.000000,   528
1775,13021734.812,529.000000,   529
1776,13043664.925,531.000000,   531
1777,13065619.646,521.000000,   521
1778,13087598.990,524.000000,   524
1779,13109602.970,521.000000,   521
1780,13131631.600,519.000000,   519
1781,13153684.894,526.000000,   526
1782,13175762.866,527.000000,   527
1783,13197865.530,526.000000,   526
1784,13219992.899,521.000000,   521
1785,13242144.988,535.000000,   535
1786,13264321.809,515.000000,   515
1787,13286523.377,508.000000,   508
1788,13308749.706,517.000000,   517
1789,13331000.809,527.000000,   527
1790,13353276.700,529.000000,   529
1791,13375577.393,530.000000,   530
1792,13397902.902,519.000000,   519
1793,13420253.241,509.000000,   509
1794,13442628.423,516.000000,   516
1795,13465028.462,509.000000,   509
1796,13487453.373,504.000000,   504
1797,13509903.168,515.000000,   515
1798,13532377.862,513.000000,   513
1799,13554877.468,511.000000,   511
1800,13577402.000,525.000000,   525
1801,13599951.472,524.000000,   524
1802,13622525.898,528.000000,   528
1803,13645125.292,518.000000,   518
1804,13667749.667,527.000000,   527
1805,13690399.038,512.000000,   512
1806,13713073.417,522.000000,   522
1807,13735772.819,524.000000,   524
1808,13758497.258,527.000000,   527
1809,13781246.747,529.000000,   529
1810,13804021.300,519.000000,   519
1811,13826820.931,515.000000,   515
1812,13849645.654,517.000000,   517
1813,13872495.483,527.000000,   527
1814,13895370.431,527.000000,   527
1815,13918270.512,513.000000,   513
1816,13941195.741,509.000000,   509
1817,13964146.130,510.000000,   510
1818,13987121.694,523.000000,   523
1819,14010122.446,517.000000,   517
1820,14033148.400,538.000000,   538
1821,14056199.570,513.000000,   513
1822,14079275.970,515.000000,   515
1823,14102377.614,515.000000,   515
1824,14125504.515,518.000000,   518
1825,14148656.688,516.000000,   516
1826,14171834.145,524.000000,   524
1827,14195036.901,504.000000,   504
1828,14218264.970,509.000000,   509
1829,14241518.365,508.000000,   508
1830,14264797.100,519.000000,   519
1831,14288101.189,515.000000,   515
1832,14311430.646,520.000000,   520
1833,14334785.485,518.000000,   518
1834,14358165.719,511.000000,   511
1835,14381571.363,507.000000,   507
1836,14405002.429,504.000000,   504
1837,14428458.932,504.000000,   504
1838,14451940.886,509.000000,   509
1839,14475448.304,510.000000,   510
1840,14498981.200,516.000000,   516
1841,14522539.588,517.000000,   517
1842,14546123.482,500.000000,   500
1843,14569732.896,504.000000,   504
1844,14593367.843,508.000000,   508
1845,14617028.338,511.000000,   511
1846,14640714.393,506.000000,   506
1847,14664426.023,515.000000,   515
1848,14688163.242,512.000000,   512
1849,14711926.063,509.000000,   509
1850,14735714.500,507.000000,   507
1851,14759528.567,504.000000,   504
1852,14783368.278,506.000000,   506
1853,14807233.647,518.000000,   518
1854,14831124.687,507.000000,   507
1855,14855041.412,516.000000,   516
1856,14878983.837,516.000000,   516
1857,14902951.974,504.000000,   504
1858,14926945.838,510.000000,   510
1859,14950965.442,503.000000,   503
1860,14975010.800,512.000000,   512
1861,14999081.926,516.000000,   516
1862,15023178.834,521.000000,   521
1863,15047301.538,517.000000,   517
1864,15071450.051,501.000000,   501
1865,15095624.388,513.000000,   513
1866,15119824.561,502.000000,   502
1867,15144050.585,515.000000,   515
1868,15168302.474,509.000000,   509
1869,15192580.241,503.000000,   503
1870,15216883.900,514.000000,   514
1871,15241213.465,506.000000,   506
1872,15265568.950,504.000000,   504
1873,15289950.369,506.000000,   506
1874,15314357.735,504.000000,   504
1875,15338791.063,510.000000,   510
1876,15363250.365,513.000000,   513
1877,15387735.656,507.000000,   507
1878,15412246.950,513.000000,   513
1879,15436784.260,515.000000,   515
1880,15461347.600,502.000000,   502
1881,15485936.984,501.000000,   501
1882,15510552.426,500.000000,   500
1883,15535193.940,513.000000,   513
1884,15559861.539,507.000000,   507
1885,15584555.237,508.000000,   508
1886,15609275.049,502.000000,   502
1887,15634020.987,502.000000,   502
1888,15658793.066,496.000000,   496
1889,15683591.299,503.000000,   503
1890,15708415.700,504.000000,   504
1891,15733266.283,498.000000,   498
1892,15758143.062,499.000000,   499
1893,15783046.051,516.000000,   516
1894,15807975.263,507.000000,   507
1895,15832930.713,491.000000,   491
1896,15857912.413,507.000000,   507
1897,15882920.378,508.000000,   508
1898,15907954.622,506.000000,   506
1899,15933015.158,513.000000,   513
1900,15958102.000,498.000000,   498
1901,15983215.162,505.000000,   505
1902,16008354.658,485.000000,   485
1903,16033520.502,509.000000,   509
1904,16058712.707,505.000000,   505
1905,16083931.288,522.000000,   522
1906,16109176.257,504.000000,   504
1907,16134447.629,503.000000,   503
1908,16159745.418,501.000000,   501
1909,16185069.637,511.000000,   511
1910,16210420.300,494.000000,   494
1911,16235797.421,500.000000,   500
1912,16261201.014,486.000000,   486
1913,16286631.093,494.000000,   494
1914,16312087.671,474.000000,   474
1915,16337570.762,480.000000,   480
1916,16363080.381,507.000000,   507
1917,16388616.540,502.000000,   502
1918,16414179.254,492.000000,   492
1919,16439768.536,509.000000,   509
1920,16465384.400,509.000000,   509
1921,16491026.860,494.000000,   494
1922,16516695.930,514.000000,   514
1923,16542391.624,509.000000,   509
1924,16568113.955,493.000000,   493
1925,16593862.938,506.000000,   506
1926,16619638.585,505.000000,   505
1927,16645440.911,507.000000,   507
1928,16671269.930,500.000000,   500
1929,16697125.655,512.000000,   512
1930,16723008.100,504.000000,   504
1931,16748917.279,498.000000,   498
1932,16774853.206,501.000000,   501
1933,16800815.895,508.000000,   508
1934,16826805.359,499.000000,   499
1935,16852821.613,510.000000,   510
1936,16878864.669,500.000000,   500
1937,16904934.542,503.000000,   503
1938,16931031.246,506.000000,   506
1939,16957154.794,499.000000,   499
1940,16983305.200,495.000000,   495
1941,17009482.478,500.000000,   500
1942,17035686.642,504.000000,   504
1943,17061917.706,494.000000,   494
1944,17088175.683,497.000000,   497
1945,17114460.587,492.000000,   492
1946,17140772.433,497.000000,   497
1947,17167111.233,503.000000,   503
1948,17193477.002,494.000000,   494
1949,17219869.753,500.000000,   500
1950,17246289.500,490.000000,   490
1951,17272736.257,491.000000,   491
1952,17299210.038,477.000000,   477
1953,17325710.857,491.000000,   491
1954,17352238.727,500.000000,   500
1955,17378793.663,474.000000,   474
1956,17405375.677,491.000000,   491
1957,17431984.784,495.000000,   495
1958,17458620.998,494.000000,   494
1959,17485284.332,499.000000,   499
1960,17511974.800,502.000000,   502
1961,17538692.416,489.000000,   489
1962,17565437.194,493.000000,   493
1963,17592209.148,498.000000,   498
1964,17619008.291,494.000000,   494
1965,17645834.637,493.000000,   493
1966,17672688.201,488.000000,   488
1967,17699568.995,491.000000,   491
1968,17726477.034,505.000000,   505
1969,17753412.331,496.000000,   496
1970,17780374.900,497.000000,   497
1971,17807364.755,493.000000,   493
1972,17834381.910,498.000000,   498
1973,17861426.379,496.000000,   496
1974,17888498.175,498.000000,   498
1975,17915597.312,499.000000,   499
1976,17942723.805,506.000000,   506
1977,17969877.666,488.000000,   488
1978,17997058.910,490.000000,   490
1979,18024267.550,495.000000,   495
1980,18051503.600,494.000000,   494
1981,18078767.074,489.000000,   489
1982,18106057.986,494.000000,   494
1983,18133376.350,487.000000,   487
1984,18160722.179,483.000000,   483
1985,18188095.488,503.000000,   503
1986,18215496.289,489.000000,   489
1987,18242924.597,501.000000,   501
1988,18270380.426,508.000000,   508
1989,18297863.789,496.000000,   496
1990,18325374.700,495.000000,   495
1991,18352913.173,484.000000,   484
1992,18380479.222,484.000000,   484
1993,18408072.861,486.000000,   486
1994,18435694.103,496.000000,   496
1995,18463342.962,492.000000,   492
1996,18491019.453,496.000000,   496
1997,18518723.588,498.000000,   498
1998,18546455.382,481.000000,   481
1999,18574214.848,488.000000,   488
2000,18602002.000,495.000000,   495
2001,18629816.852,502.000000,   502
2002,18657659.418,492.000000,   492
2003,18685529.712,492.000000,   492
2004,18713427.747,493.000000,   493
2005,18741353.537,487.000000,   487
2006,18769307.097,483.000000,   483
2007,18797288.439,491.000000,   491
2008,18825297.578,489.000000,   489
2009,18853334.527,493.000000,   493
2010,18881399.300,487.000000,   487
2011,18909491.911,492.000000,   492
2012,18937612.374,487.000000,   487
2013,18965760.703,486.000000,   486
2014,18993936.911,483.000000,   483
2015,19022141.012,486.000000,   486
2016,19050373.021,487.000000,   487
2017,19078632.950,491.000000,   491
2018,19106920.814,483.000000,   483
2019,19135236.626,484.000000,   484
2020,19163580.400,487.000000,   487
2021,19191952.150,498.000000,   498
2022,19220351.890,486.000000,   486
2023,19248779.634,506.000000,   506
2024,19277235.395,489.000000,   489
2025,19305719.188,496.000000,   496
2026,19334231.025,494.000000,   494
2027,19362770.921,495.000000,   495
2028,19391338.890,487.000000,   487
2029,19419934.945,488.000000,   488
2030,19448559.100,490.000000,   490
2031,19477211.369,486.000000,   486
2032,19505891.766,484.000000,   484
2033,19534600.305,479.000000,   479
2034,19563336.999,491.000000,   491
2035,19592101.863,488.000000,   488
2036,19620894.909,485.000000,   485
2037,19649716.152,485.000000,   485
2038,19678565.606,480.000000,   480
2039,19707443.284,480.000000,   480
2040,19736349.200,487.000000,   487
2041,19765283.368,480.000000,   480
2042,19794245.802,490.000000,   490
2043,19823236.516,486.000000,   486
2044,19852255.523,471.000000,   471
2045,19881302.837,481.000000,   481
2046,19910378.473,464.000000,   464
2047,19939482.443,472.000000,   472
2048,19968614.762,492.000000,   492
2049,19997775.443,466.000000,   466
2050,20026964.500,490.000000,   490
2051,20056181.947,483.000000,   483
2052,20085427.798,477.000000,   477
2053,20114702.067,493.000000,   493
2054,20144004.767,477.000000,   477
2055,20173335.912,478.000000,   478
2056,20202695.517,472.000000,   472
2057,20232083.594,467.000000,   467
2058,20261500.158,466.000000,   466
2059,20290945.222,467.000000,   467
2060,20320418.800,464.000000,   464
2061,20349920.906,466.000000,   466
2062,20379451.554,465.000000,   465
2063,20409010.758,462.000000,   462
2064,20438598.531,154.000000,   154
2065,20468214.888,63.000000,    63
2066,20497859.841,42.000000,    42
2067,20527533.405,40.000000,    40
